Balaji Travco India Pvt.Ltd,6,Address,RSO Mumbai-Aditi Kharade,357,Mumbai,110,400029,Aditi Kharade,vikas@balajitravcoindia.com,,-,9978899444,1
Hari Om Holidays,6,Address,RSO Mumbai-Aditi Kharade,357,Mumbai,110,400029,Aditi Kharade,info@hariomholidays.co.in,,32096670,8108566670,1
Sutherland Global Services,6,Address,RSO Mumbai-Pawan Topkar,357,Mumbai,110,400029,Pawan Topkar,sandeep.nichit@sutherlandglobal.com,,67999000,-,1
Godrej Industries Ltd,6,Address,RSO Mumbai-Aditi Kharade,357,Mumbai,110,400029,Aditi Kharade,rudra.pratap@godrejinds.com,,-,(916) 739-5325,1
ICICI Securities,6,Address,RSO Mumbai-Pawan Topkar,357,Mumbai,110,400029,Pawan Topkar,tasleem.shaikh@icicisecurties.com,,2240701000,7506845398,1
DREAM WORLD HOLIDAYS,6,Address,RSO Mumbai-Pawan Topkar,357,Mumbai,110,400029,Pawan Topkar,bookingdreamworld@gmail.com,,712-6649895,8624812655,1
Akumentis Healthcare Ltd.,6,Address,RSO Mumbai-Pawan Topkar,357,Mumbai,110,400029,Pawan Topkar,ravindrai@myakumentis.com,,61146000,-,1
SBI Insurance,6,Address,RSO Mumbai-Executive2,357,Mumbai,110,400029,Executive2,miyush.gandhi@sbilife.co.in,,(226) 191-0247,(982) 075-4607,1
ICRA Limited,6,Address,RSO Mumbai-Amit Janvalkar,357,Mumbai,110,400029,Amit Janvalkar,santosh@icraindia.com,,61796326,-,1
Convene Plus Travel Solutions,6,Address,RSO Mumbai-Aditi Kharade,357,Mumbai,110,400029,Aditi Kharade,rajann.radia@conveneplus.com,,66711107,9930696999,1
Arup India Pvt Ltd,6,Address,RSO Mumbai-Amit Janvalkar,357,Mumbai,110,400029,Amit Janvalkar,shilpa.talavadekar@arup.com,,265704946,-,1
Indian Overseas Travels And Tours Pvt.Ltd,6,Address,RSO Mumbai-Aditi Kharade,357,Mumbai,110,400029,Aditi Kharade,madhuri@indianoverseas.com,,26849292,9702475718,1
GT Tours & Travels,6,Address,RSO Mumbai-Aditi Kharade,357,Mumbai,110,400029,Aditi Kharade,neha@gttours.in,,28901703,9619313656,1
Alliance Holidays,6,Address,RSO Mumbai-Executive2,357,Mumbai,110,400029,Executive2,info@bestdealsmumbai.com,,28636340,8652779993,1
Leading Edge,6,Address,RSO Mumbai-Aditi Kharade,357,Mumbai,110,400029,Aditi Kharade,leisure@leadingedge-india.com,,67286613,9223282134,1
Vacations Exotica - Mumbai,6,Address,RSO Mumbai-Aditi Kharade,357,Mumbai,110,400029,Aditi Kharade,leera@vacationsexotica.com,,28908447,9820126658,1
Pan Base Resources,6,Address,RSO Mumbai-Pawan Topkar,357,Mumbai,110,400029,Pawan Topkar,biju.mathew@panbase.net,,6712 6824,-,1
Sundowner Offshore International Ltd(Nabors),6,Address,RSO Mumbai-Executive2,357,Mumbai,110,400029,Executive2,lalit.saxena@nabors.com,,022 29261312,(976) 901-7050,1
BASF,6,Address,RSO Mumbai-Executive2,357,Mumbai,110,400029,Executive2,suvitha.shiman@basf.com,,2228580351,(992) 008-9482,1
Kedaara Capital Advisors,6,Address,RSO Mumbai-Amit Janvalkar,357,Mumbai,110,400029,Amit Janvalkar,sunita.dmello@kedaara.com,,61558000,9821417999,1
Tyco Valves & Controls India Pvt. Ltd.,6,Address,RSO Mumbai-Pawan Topkar,357,Mumbai,110,400029,Pawan Topkar,m.sudhir@pentair.com,,61310600,-,1
SGS India Pvt. Ltd.,6,Address,RSO Mumbai-Pawan Topkar,357,Mumbai,110,400029,Pawan Topkar,sameer.bhide@sgs.com,,64572540,-,1
I R Technology Services Pvt. Ltd.,6,Address,RSO Mumbai-Pawan Topkar,357,Mumbai,110,400029,Pawan Topkar,admin_bom@itech.in,,66234200,-,1
Boskalis International BV,6,Address,RSO Mumbai-Executive2,357,Mumbai,110,400029,Executive2,krishna.prasad@boskalis.com,,022 61335900,(982) 150-1515,1
Bright 360 Travelling Agency,6,Address,RSO Mumbai-Aditi Kharade,357,Mumbai,110,400029,Aditi Kharade,bright360travel@gmail.com,,67140000,9619889507,1
MIC Monetium Immigration Consultants,6,Address,RSO Mumbai-Pawan Topkar,357,Mumbai,110,400029,Pawan Topkar,info@monetiumic.com,,27817301-03,-,1
Herbalife,6,Address,RSO Mumbai-Executive2,357,Mumbai,110,400029,Executive2,sanketb@herbalife.com,,2226633100,(900) 442-5805,1
Perstorp Chemicals India Pvt. Ltd.,6,Address,RSO Mumbai-Pawan Topkar,357,Mumbai,110,400029,Pawan Topkar,priya.madan@perstorp.com,,27818000,8879600230,1
Sundowner Offshore International Ltd(Nabors),6,Address,RSO Mumbai-Executive2,357,Mumbai,110,400029,Executive2,ekta.shinde@nabors.com,,022 29261311,(976) 922-7050,1
Kedaara Capital Advisors,6,Address,RSO Mumbai-Amit Janvalkar,357,Mumbai,110,400029,Amit Janvalkar,amanda.coelho@kedaara.com,,61558000,61558009,1
Tyco Valves & Controls India Pvt. Ltd.,6,Address,RSO Mumbai-Pawan Topkar,357,Mumbai,110,400029,Pawan Topkar,pranali.pawar@pentair.com,,-,-,1
Technip,6,Address,RSO Mumbai-Aditi Kharade,357,Mumbai,110,400029,Aditi Kharade,anganthade@technip.com,,-,8879629781,1
Akumentis Healthcare Ltd.,6,Address,RSO Mumbai-Pawan Topkar,357,Mumbai,110,400029,Pawan Topkar,hareshr@myakumentis.com,,61146000,8767745418,1
Cognizant Technology Solutions,6,Address,RSO Mumbai-Pawan Topkar,357,Mumbai,110,400029,Pawan Topkar,p.banerjee@cognizant.com,,23361000,-,1
Spectrum Technologies,6,Address,RSO Mumbai-Pawan Topkar,357,Mumbai,110,400029,Pawan Topkar,padmanabha@soopl.in,,27810091,-,1
The louis Berger Group,6,Address,RSO Mumbai-Amit Janvalkar,357,Mumbai,110,400029,Amit Janvalkar,pnair@louisberger.com,,-,-,1
Honda Siel Cars India Ltd.,6,Address,RSO Mumbai-Pawan Topkar,357,Mumbai,110,400029,Pawan Topkar,rdange@hondacarindia.com,,67895000,-,1
Besins Healthcare India Pvt ltd,6,Address,RSO Mumbai-Aditi Kharade,357,Mumbai,110,400029,Aditi Kharade,braut@besins-healthcare.com,,-,-,1
Consulate General De France,6,Address,RSO Mumbai-Amit Janvalkar,357,Mumbai,110,400029,Amit Janvalkar,rupali.save@ubifrance.fr,,666340914,-,1
Airlink Holidays,6,Address,RSO Mumbai-Aditi Kharade,357,Mumbai,110,400029,Aditi Kharade,airlinkresorts@gmail.com,,26610003/4/5,9821348885,1
Airlink Holidays,6,Address,RSO Mumbai-Aditi Kharade,357,Mumbai,110,400029,Aditi Kharade,airlinkresorts@gmail.com,,26610003/4/5,9821348885,1
Roche Products (India) Pvt. Ltd.,6,Address,RSO Mumbai-Amit Janvalkar,357,Mumbai,110,400029,Amit Janvalkar,seema.mishra@roche.com,,33941073,-,1
Halcrow Consulting India,6,Address,RSO Mumbai-Amit Janvalkar,357,Mumbai,110,400029,Amit Janvalkar,merlin.miranda@ch2m.com,,39530504,-,1
Naman Tours,6,Address,RSO Mumbai-Aditi Kharade,357,Mumbai,110,400029,Aditi Kharade,mumbai@signatureholidays.co.in,,-,9820943752,1
Blue Circle,6,Address,RSO Mumbai-Pawan Topkar,357,Mumbai,110,400029,Pawan Topkar,kiran@bluecircle.net.in,,-,9833955677,1
A.P.Moller-Maersk,6,Address,RSO Mumbai-Aditi Kharade,357,Mumbai,110,400029,Aditi Kharade,dipali.maidh@maersk.com,,2266799663,7506643238,1
Akbar Travels,6,Address,RSO Mumbai-Aditi Kharade,357,Mumbai,110,400029,Aditi Kharade,vaishnavi@akbartravels.com,,9987030092,-,1
Invesco Mutual Fund,6,Address,RSO Mumbai-Amit Janvalkar,357,Mumbai,110,400029,Amit Janvalkar,eric.fonseca@invesco.com,,022 6731 0000,-,1
Invesco Mutual Fund,6,Address,RSO Mumbai-Amit Janvalkar,357,Mumbai,110,400029,Amit Janvalkar,farnaz.modi@invesco.com,,022 6731 0000,-,1
BCD Travels Mumbai,6,Address,RSO Mumbai-Amit Janvalkar,357,Mumbai,110,400029,Amit Janvalkar,harshad.donde@bcdme.com,,40420936,(845) 096-9330,1
Canara Robeco,6,Address,RSO Mumbai-Amit Janvalkar,357,Mumbai,110,400029,Amit Janvalkar,ashley.alphanso@canararebeco.com,,2266585022,-,1
Globe Forwarding Agencies,6,Address,RSO Mumbai-Pawan Topkar,357,Mumbai,110,400029,Pawan Topkar,sunit.patil@globeforwarding.com,,6736 6363,-,1
Honeywell Life Safety,6,Address,RSO Mumbai-Pawan Topkar,357,Mumbai,110,400029,Pawan Topkar,dua.kulvinder@honeywell.com,,22 6794 6415,98203 60573,1
Merck Ltd.,6,Address,RSO Mumbai-Pawan Topkar,357,Mumbai,110,400029,Pawan Topkar,daniel.g.schmidt@merckgroup.com,,6794 4375,-,1
Institute of Chartered Accountant of India,6,Address,RSO Mumbai-Executive2,357,Mumbai,110,400029,Executive2,kapoor@icai.in,,+91(22)39802911,(932) 123-9894,1
Simco Paints Industries Pvt. Ltd.,6,Address,RSO Mumbai-Pawan Topkar,357,Mumbai,110,400029,Pawan Topkar,info@simcopaints.com,,27841117,-,1
Akumentis Healthcare Ltd.,6,Address,RSO Mumbai-Pawan Topkar,357,Mumbai,110,400029,Pawan Topkar,gvijay@myakumentis.com,,61146000,8450952768,1
Akumentis Healthcare Ltd.,6,Address,RSO Mumbai-Pawan Topkar,357,Mumbai,110,400029,Pawan Topkar,amrisha@myakumentis.com,,61146000,7718824250,1
Millward Brown,6,Address,RSO Mumbai-Executive2,357,Mumbai,110,400029,Executive2,saikat.bhattacharya@millwardbrown.com,,022- 40281010,(992) 098-5352,1
Besins Healthcare India Pvt ltd,6,Address,RSO Mumbai-Aditi Kharade,357,Mumbai,110,400029,Aditi Kharade,nkeluskar@besins-healthcare.com,,(223) 348-1204,(982) 142-4246,1
new horizon investments,6,Address,RSO Mumbai-Executive2,357,Mumbai,110,400029,Executive2,shernaz@newhorizonfunds.com,,40571000,-,1
Akumentis Healthcare Ltd.,6,Address,RSO Mumbai-Pawan Topkar,357,Mumbai,110,400029,Pawan Topkar,jswapnil@myakumentis.com,,61146000,7718824284,1
procam International,6,Address,RSO Mumbai-Executive2,357,Mumbai,110,400029,Executive2,claudius@procam.in,,22020284,-,1
mecklai financial services pvt.ltd,6,Address,RSO Mumbai-Executive2,357,Mumbai,110,400029,Executive2,preeti.parkar@mecklai.com,,61940202,-,1
Skyscape,6,Address,RSO Mumbai-Pawan Topkar,357,Mumbai,110,400029,Pawan Topkar,chandrakant@skyscape.com,,3917-6316,-,1
Software Technology Parks of India,6,Address,RSO Mumbai-Pawan Topkar,357,Mumbai,110,400029,Pawan Topkar,gaurav.agarwal@stp.in,,66247172,-,1
Banker's Toolbox,6,Address,RSO Mumbai-Pawan Topkar,357,Mumbai,110,400029,Pawan Topkar,jyotid@bankerstoolbox.com,,66730651,-,1
Johnson Controls Pvt Ltd,6,Address,RSO Mumbai-Executive2,357,Mumbai,110,400029,Executive2,sanika.shinde@jci.com,,-,9619127725,1
Sinofinn Energy Pvt. Ltd.,6,Address,RSO Mumbai-Pawan Topkar,357,Mumbai,110,400029,Pawan Topkar,patankar.santosh@sinofinn.cn,,27847662,-,1
La Vena Tours,6,Address,RSO Mumbai-Aditi Kharade,357,Mumbai,110,400029,Aditi Kharade,reservations@lavenatours.com,,-,9819069154,1
Indian Oil Corporation Limited,6,Address,RSO Mumbai-Amit Janvalkar,357,Mumbai,110,400029,Amit Janvalkar,uppatil@indianoil.in,,-,8082222826,1
UPL Ltd,6,Address,RSO Mumbai-Amit Janvalkar,357,Mumbai,110,400029,Amit Janvalkar,mehtas@uniphos.com,,-,9820290910,1
Kataria Logitrans,6,Address,RSO Mumbai-Aditi Kharade,357,Mumbai,110,400029,Aditi Kharade,sunny@kataria.co.in,,+91 22 6743 2001,-,1
Institute of Chartered Accountant of India,6,Address,RSO Mumbai-Executive2,357,Mumbai,110,400029,Executive2,pranay@kocharassociates.com,,24379537,(981) 984-6198,1
Sutherlands Global Services,6,Address,RSO Mumbai-Aditi Kharade,357,Mumbai,110,400029,Aditi Kharade,kinjalarvind.chheda@sutherlandglobal.com,,+91 22 4042 7807,-,1
ICICI Securities,6,Address,RSO Mumbai-Pawan Topkar,357,Mumbai,110,400029,Pawan Topkar,karishma.ladha@icicisecurities.com,,-,9619036583,1
Book My show,6,Address,RSO Mumbai-Amit Janvalkar,357,Mumbai,110,400029,Amit Janvalkar,avinash.khanna@bookmyshow.com,,-,-,1
National Stock Exchange of India Limited,6,Address,RSO Mumbai-Amit Janvalkar,357,Mumbai,110,400029,Amit Janvalkar,ishanti@nse.co.in,,022 25045081,-,1
National Stock Exchange of India Limited,6,Address,RSO Mumbai-Amit Janvalkar,357,Mumbai,110,400029,Amit Janvalkar,adsouza@nse.co.in,,25045259,-,1
ATC Tires Pvt Ltd,6,Address,RSO Mumbai-Amit Janvalkar,357,Mumbai,110,400029,Amit Janvalkar,gramachandran@atgtire.com,,2239579600,8291816359,1
SULA Vineyards,6,Address,RSO Mumbai-Aditi Kharade,357,Mumbai,110,400029,Aditi Kharade,manali.haldankar@sulawines.com,,+91 22 6128 0606,+91 7045912529,1
Emirates NBD,6,Address,RSO Mumbai-Amit Janvalkar,357,Mumbai,110,400029,Amit Janvalkar,kamanaba@emiratesnbd.com,,61532300,9323242772,1
Changer Travel Trip,6,Address,RSO Mumbai-Aditi Kharade,357,Mumbai,110,400029,Aditi Kharade,sales@micecraft.com,,67716771,9619902007,1
Hind Musafir Mumbai,6,Address,RSO Mumbai-Aditi Kharade,357,Mumbai,110,400029,Aditi Kharade,vilas@hmatravel.com,,67441544,-,1
Diesl India Enterprise Soluation Ltd,6,Address,RSO Mumbai-Aditi Kharade,357,Mumbai,110,400029,Aditi Kharade,daulton.dcruz@driveindia.co.in,,2267779058,(922) 325-6671,1
Technip,6,Address,RSO Mumbai-Aditi Kharade,357,Mumbai,110,400029,Aditi Kharade,swghosh@technip.com,,67002019,-,1
Maple Digital Technology International pvt ltd,6,Address,RSO Mumbai-Executive2,357,Mumbai,110,400029,Executive2,ravi.p@mapledti.com,,-,(773) 815-2378,1
British Council,6,Address,RSO Mumbai-Amit Janvalkar,357,Mumbai,110,400029,Amit Janvalkar,ashwin.shetty@britishcouncil.org,,2267486702,9820036770,1
Muratec Machinery India Pvt ltd,6,Address,RSO Mumbai-Amit Janvalkar,357,Mumbai,110,400029,Amit Janvalkar,kpdriver@muratec-india.com,,-,9321428034,1
KSB Pumps Ltd.,6,Address,RSO Mumbai-Aditi Kharade,357,Mumbai,110,400029,Aditi Kharade,gronkar@ksb.co.in,,9.12E+11,(955) 278-6565,1
NATIONAL OILWELL VARCO PTE LTD,6,Address,RSO Mumbai-Pawan Topkar,357,Mumbai,110,400029,Pawan Topkar,sulochna.bhagat@nov.com,,2239169700,(993) 036-3862,1
Suminter India Organics,6,Address,RSO Mumbai-Amit Janvalkar,357,Mumbai,110,400029,Amit Janvalkar,purvi.poojari@suminter.com,,-,-,1
Honda Siel Cars India Ltd.,6,Address,RSO Mumbai-Pawan Topkar,357,Mumbai,110,400029,Pawan Topkar,bnsingh@hondacarindia.com,,67895000,-,1
Merck Ltd.,6,Address,RSO Mumbai-Pawan Topkar,357,Mumbai,110,400029,Pawan Topkar,sanket.salvi@external.merckgroup.com,,6794 4375,-,1
Pan Base Resources,6,Address,RSO Mumbai-Pawan Topkar,357,Mumbai,110,400029,Pawan Topkar,info@panbase.net,,6712 6824,-,1
Akumentis Healthcare Ltd.,6,Address,RSO Mumbai-Pawan Topkar,357,Mumbai,110,400029,Pawan Topkar,cprashant@myakumentis.com,,61146000,7710087426,1
Infoworld,6,Address,RSO Mumbai-Pawan Topkar,357,Mumbai,110,400029,Pawan Topkar,info@infoworldbpo.com,,61163500,-,1
24 BY 7 MEDICARE.COM,6,Address,RSO Mumbai-Aditi Kharade,357,Mumbai,110,400029,Aditi Kharade,mail@24by7medicarer.com,,9.12E+11,-,1
Titan,6,Address,RSO Mumbai-Amit Janvalkar,357,Mumbai,110,400029,Amit Janvalkar,rajeev@titan.co.in,,-,-,1
MERZ Asthetics healthcare,6,Address,RSO Mumbai-Amit Janvalkar,357,Mumbai,110,400029,Amit Janvalkar,milind.jadhav@merz.com,,61984938,-,1
PVR LTD,6,Address,RSO Mumbai-Amit Janvalkar,357,Mumbai,110,400029,Amit Janvalkar,pina.shah@pvrcinemas.com,,2242758807,-,1
PVR LTD,6,Address,RSO Mumbai-Amit Janvalkar,357,Mumbai,110,400029,Amit Janvalkar,sriram.iyer@pvrcinemas.com,,-,-,1
Krishna Antioxidants Pvt ltd,6,Address,RSO Mumbai-Amit Janvalkar,357,Mumbai,110,400029,Amit Janvalkar,traveldesk@cristol.co.in,,40904100,-,1
Perfetti Van Melle India Pvt ltd,6,Address,RSO Mumbai-Amit Janvalkar,357,Mumbai,110,400029,Amit Janvalkar,mitesh.chauhan@in.pvmgrp.com,,33733880,9769638001,1
BCD Travels Mumbai,6,Address,RSO Mumbai-Amit Janvalkar,357,Mumbai,110,400029,Amit Janvalkar,diana.quadros@bcdme.com,,40420936,7738018385,1
S H Kelkar,6,Address,RSO Mumbai-Aditi Kharade,357,Mumbai,110,400029,Aditi Kharade,santoshm.kadam@keva.co.in,,022 2167 7777,9867756969,1
Perfetti Van Melle India Pvt ltd,6,Address,RSO Mumbai-Amit Janvalkar,357,Mumbai,110,400029,Amit Janvalkar,gaurav.gupta@in.pvmgrp.com,,-,-,1
Nirmal Bang,6,Address,RSO Mumbai-Amit Janvalkar,357,Mumbai,110,400029,Amit Janvalkar,tejal.tande@nirmalbang.com,,-,-,1
Edelman India Private Limited,6,Address,RSO Mumbai-Amit Janvalkar,357,Mumbai,110,400029,Amit Janvalkar,vinayak.amballa@edelman.com,,2261513388,-,1
S H Kelkar,6,Address,RSO Mumbai-Aditi Kharade,357,Mumbai,110,400029,Aditi Kharade,girish.sanzgiri@keva.co.in,,2221677551,9820557888,1
Piaggio Vehicles Pvt Ltd.,6,Address,RSO Mumbai-Amit Janvalkar,357,Mumbai,110,400029,Amit Janvalkar,satish.mande@piaggio.co.in,,020-30518357,9923900078,1
HT Media,6,Address,RSO Mumbai-Amit Janvalkar,357,Mumbai,110,400029,Amit Janvalkar,bhavesh.joshi@hindustantimes.com,,2266134000,-,1
Almondz Reisurance Broker Pvt Ltd,6,Address,RSO Mumbai-Amit Janvalkar,357,Mumbai,110,400029,Amit Janvalkar,kanchan.mitra@almondzin.com,,2261516715,-,1
Edelman India Private Limited,6,Address,RSO Mumbai-Amit Janvalkar,357,Mumbai,110,400029,Amit Janvalkar,nilesh.dhadave@edelman.com,,2261513388,-,1
Sanctum,6,Address,RSO Mumbai-Executive2,357,Mumbai,110,400029,Executive2,fay.gomes@sanctumwealth.com,,-,-,1
Diesl India Enterprise Soluation Ltd,6,Address,RSO Mumbai-Aditi Kharade,357,Mumbai,110,400029,Aditi Kharade,lorraine.pereira@driveindia.co.in,,2267779002,-,1
Anupam Industries Ltd.,6,Address,RSO Mumbai-Pawan Topkar,357,Mumbai,110,400029,Pawan Topkar,grpandya@anupamgroup.com,,2692236118,-,1
Jenburkt Pharmaceuticals ltd,6,Address,RSO Mumbai-Amit Janvalkar,357,Mumbai,110,400029,Amit Janvalkar,manojsachan@jenburkt.com,,-,-,1
Nirmal Bang,6,Address,RSO Mumbai-Amit Janvalkar,357,Mumbai,110,400029,Amit Janvalkar,vikas.kadam@nirmalbang.com,,-,-,1
DyStar India Private Limited,6,Address,RSO Mumbai-Pawan Topkar,357,Mumbai,110,400029,Pawan Topkar,nikam.shweta@dystar.com,,2261419000,8767989583,1
KC maritime(India)Limited,6,Address,RSO Mumbai-Executive2,357,Mumbai,110,400029,Executive2,vn@kcmaritime.co.in,,22883309,-,1
Reliance Securities Ltd,6,Address,RSO Mumbai-Amit Janvalkar,357,Mumbai,110,400029,Amit Janvalkar,traveldeskrsec@relianceada.com,,022 33201286,-,1
Vigneshwar Holidays,6,Address,RSO Mumbai-Aditi Kharade,357,Mumbai,110,400029,Aditi Kharade,operations1@vigneshwartours.com,,28902525,9224346993,1
Technip,6,Address,RSO Mumbai-Aditi Kharade,357,Mumbai,110,400029,Aditi Kharade,sgeson@technip.com,,2267002000,-,1
Merck Ltd.,6,Address,RSO Mumbai-Pawan Topkar,357,Mumbai,110,400029,Pawan Topkar,manish.salunke@merckgroup.com,,6794 4375,9987771310,1
IHS.Yatra.Com,6,Address,RSO Mumbai-Aditi Kharade,357,Mumbai,110,400029,Aditi Kharade,aniket.shinde@yatra.com,,42754700,-,1
BCD Travels Mumbai,6,Address,RSO Mumbai-Amit Janvalkar,357,Mumbai,110,400029,Amit Janvalkar,dipti.bablani@bcdme.com,,22 6642 0991,-,1
COROB India Pvt. Ltd,6,Address,RSO Mumbai-Amit Janvalkar,357,Mumbai,110,400029,Amit Janvalkar,labheshnaik@corob.com,,-,-,1
Zee Learn Limited,6,Address,RSO Mumbai-Amit Janvalkar,357,Mumbai,110,400029,Amit Janvalkar,sudhor.kadam@zeelearn.com,,40343900,-,1
Piaggio Vehicles Pvt Ltd.,6,Address,RSO Mumbai-Amit Janvalkar,357,Mumbai,110,400029,Amit Janvalkar,pooja.bansal@piaggio.co.in,,020-30518357,9823180422,1
Glory Global Solution Pvt ltd,6,Address,RSO Mumbai-Amit Janvalkar,357,Mumbai,110,400029,Amit Janvalkar,karn.sahu@in.gloryglobal.com,,-,-,1
Glory Global Solution Pvt ltd,6,Address,RSO Mumbai-Amit Janvalkar,357,Mumbai,110,400029,Amit Janvalkar,vaibhav.ghanekar@in.glory.com,,-,9821167332,1
Piaggio Vehicles Pvt Ltd.,6,Address,RSO Mumbai-Amit Janvalkar,357,Mumbai,110,400029,Amit Janvalkar,avanti.boocha@piaggio.co.in,,020-30518357,9922455801,1
Aditya Birla Chemicals,6,Address,RSO Mumbai-Amit Janvalkar,357,Mumbai,110,400029,Amit Janvalkar,mandar.chougule@adityabirla.com,,-,8108679986,1
Hexagon Nutrition,6,Address,RSO Mumbai-Amit Janvalkar,357,Mumbai,110,400029,Amit Janvalkar,dipali.p@hexagonnutrition.com,,42506749,-,1
Leo Burnett,6,Address,RSO Mumbai-Amit Janvalkar,357,Mumbai,110,400029,Amit Janvalkar,judith.dsouza@leoburnett.co.in,,-,(989) 273-4885,1
Piaggio Vehicles Pvt Ltd.,6,Address,RSO Mumbai-Amit Janvalkar,357,Mumbai,110,400029,Amit Janvalkar,renuka.athalye@piaggio.co.in,,020-30518357,9881834095,1
Cybage Software,6,Address,RSO Mumbai-Executive2,357,Mumbai,110,400029,Executive2,pchanda@cybage.com,,079-66737000,-,1
UNICEF,6,Address,RSO Mumbai-Executive2,357,Mumbai,110,400029,Executive2,sgroy@unicef.org,,079-23225366,-,1
world australian bank,6,Address,RSO Mumbai-Executive2,357,Mumbai,110,400029,Executive2,usha.dmello@nabasia.com,,-,-,1
A.P.Moller-Maersk,6,Address,RSO Mumbai-Aditi Kharade,357,Mumbai,110,400029,Aditi Kharade,meenal.thakkar@maersk.com,,-,-,1
Events HHM Experiential Marketing,6,Address,RSO Mumbai-Aditi Kharade,357,Mumbai,110,400029,Aditi Kharade,jeetc@hhmevents.com,,28794795,9867943839,1
Bizerba,6,Address,RSO Mumbai-Pawan Topkar,357,Mumbai,110,400029,Pawan Topkar,arthi@bizerba.in,,2267669000,-,1
Sharekhan,6,Address,RSO Mumbai-Amit Janvalkar,357,Mumbai,110,400029,Amit Janvalkar,pbhogte@onlinetradingacademy.com,,-,9167719903,1
savex technologies,6,Address,RSO Mumbai-Executive2,357,Mumbai,110,400029,Executive2,latha@savex.in,,22799901,-,1
KSB Pumps Ltd,6,Address,RSO Mumbai-Executive2,357,Mumbai,110,400029,Executive2,prashant.kumar@ksb.com,,66588785,9833867271,1
Iron Mountain India Private Limited,6,Address,RSO Mumbai-Aditi Kharade,357,Mumbai,110,400029,Aditi Kharade,mohsin.kazi@ironmountain.com,,022 - 24129066;,+91 7045 933 947,1
the shipping corporation of india ltd,6,Address,RSO Mumbai-Executive2,357,Mumbai,110,400029,Executive2,pramod.kumbhar@sci.co.in,,-,9869418397,1
GAC Shipping (I) Limited,6,Address,RSO Mumbai-Executive2,357,Mumbai,110,400029,Executive2,vinod.maliyekal@gac.com,,2240307800,9930199052,1
TBZ Originals,6,Address,RSO Mumbai-Executive2,357,Mumbai,110,400029,Executive2,pokale.sonali@tbzoriginal.com,,-,7498249760,1
Blue Cross Laboratories,6,Address,RSO Mumbai-Amit Janvalkar,357,Mumbai,110,400029,Amit Janvalkar,umesh@bluecrosslabs.com,,2266638000,-,1
travel voyages,6,Address,RSO Mumbai-Aditi Kharade,357,Mumbai,110,400029,Aditi Kharade,seema@travelvoyages.co.in,,41084108,9820029696,1
leo travels,6,Address,RSO Mumbai-Aditi Kharade,357,Mumbai,110,400029,Aditi Kharade,international@leotravels.com,,22823344,-,1
procam International,6,Address,RSO Mumbai-Executive2,357,Mumbai,110,400029,Executive2,akshaybhat@procam.in,,-,-,1
mazagon dock limited,6,Address,RSO Mumbai-Executive2,357,Mumbai,110,400029,Executive2,knjani@mazdock.com,,23764305,7506704615,1
Indo-Arab Chamber of Commerce & Industries,6,Address,RSO Mumbai-Executive2,357,Mumbai,110,400029,Executive2,srajendran@iacci.org,,22822009,9322226243,1
Rajesh Universal,6,Address,RSO Mumbai-Pawan Topkar,357,Mumbai,110,400029,Pawan Topkar,info@rajeshuniversal.com,,27843445,-,1
Juhi Developers,6,Address,RSO Mumbai-Pawan Topkar,357,Mumbai,110,400029,Pawan Topkar,sales@juhidevelopers.com,,27656412,-,1
Yashaswi Pumps & Compressors Pvt. Ltd./Boge Compressors ( India ) Private Limited,6,Address,RSO Mumbai-Pawan Topkar,357,Mumbai,110,400029,Pawan Topkar,devendra.chonkar@yashaswi.co,,25451000,99099 30161,1
Anupam Industries Ltd.,6,Address,RSO Mumbai-Pawan Topkar,357,Mumbai,110,400029,Pawan Topkar,shekhar.anupammumbai@gamail.com,,25476153,9769301532,1
Alumayer,6,Address,RSO Mumbai-Pawan Topkar,357,Mumbai,110,400029,Pawan Topkar,hr@alumayerindia.com,,-,-,1
Marico Ltd,6,Address,RSO Mumbai-Executive2,357,Mumbai,110,400029,Executive2,dipesha@maricoindia.net,,-,(981) 963-8649,1
Alembic Pharma,6,Address,RSO Mumbai-Executive2,357,Mumbai,110,400029,Executive2,vinod.sawant@alembic.co.in,,2230619740,(981) 970-6511,1
GAC Shipping (India)Pvt.Ltd,6,Address,RSO Mumbai-Executive2,357,Mumbai,110,400029,Executive2,nikhil.mate@gac.com,,40307843,9820778772,1
zenith industries rubber products Pvt.Ltd,6,Address,RSO Mumbai-Executive2,357,Mumbai,110,400029,Executive2,vohar@zenithrubber.com,,22885888,-,1
Kirloskar Brothers Ltd.,6,Address,RSO Mumbai-Pawan Topkar,357,Mumbai,110,400029,Pawan Topkar,n.mohammed@kbl.co.in,,-,9820088299,1
Pacific World,6,Address,RSO Mumbai-Amit Janvalkar,357,Mumbai,110,400029,Amit Janvalkar,dilip@goindiahotels.com,,2240495555,9930314828,1
Asian Paints Limited,6,Address,RSO Mumbai-Amit Janvalkar,357,Mumbai,110,400029,Amit Janvalkar,sanikabhawalkar@asianpaints.com,,91 022 62181249,-,1
Blackstone group,6,Address,RSO Mumbai-Executive2,357,Mumbai,110,400029,Executive2,prasad@blackstone.com,,6752850,-,1
BKT Tyres,6,Address,RSO Mumbai-Amit Janvalkar,357,Mumbai,110,400029,Amit Janvalkar,k.sasidharan@bkt-tires.com,,-,-,1
Baron Luxury & Lifestyles Pvt ltd,6,Address,RSO Mumbai-Aditi Kharade,357,Mumbai,110,400029,Aditi Kharade,info@baronaviation.com,,-,9869645450,1
protos engineering co.pvt.ltd,6,Address,RSO Mumbai-Executive2,357,Mumbai,110,400029,Executive2,admin@protosindia.com,,66287000,-,1
KJMC Asset management Co.Ltd,6,Address,RSO Mumbai-Executive2,357,Mumbai,110,400029,Executive2,hr@kjmc.com,,40945500,-,1
Explore Dreams,6,Address,RSO Mumbai-Aditi Kharade,357,Mumbai,110,400029,Aditi Kharade,tanvi@xploredreams.in,,-,7977944004,1
A.P.Moller-Maersk,6,Address,RSO Mumbai-Aditi Kharade,357,Mumbai,110,400029,Aditi Kharade,riddhi.dave@maersk.com,,2233409999,(993) 002-1832,1
Travel Viva,6,Address,RSO Mumbai-Aditi Kharade,357,Mumbai,110,400029,Aditi Kharade,rakesh@travelviva.in,,8014000,8108664545,1
A.P.Moller-Maersk,6,Address,RSO Mumbai-Aditi Kharade,357,Mumbai,110,400029,Aditi Kharade,amol.athawale@maersk.com,,-,-,1
tybros (India)Tours Pvt.Ltd,6,Address,RSO Mumbai-Aditi Kharade,357,Mumbai,110,400029,Aditi Kharade,bijal.joshi@tybrosgroup.com,,-,-,1
samara capital,6,Address,RSO Mumbai-Executive2,357,Mumbai,110,400029,Executive2,lalita@samaracapital.com,,-,-,1
BPCL,6,Address,RSO Mumbai-Pawan Topkar,357,Mumbai,110,400029,Pawan Topkar,joydipm@bharatpetroleum.in,,-,7208673139,1
GAC Shipping (I) Limited,6,Address,RSO Mumbai-Executive2,357,Mumbai,110,400029,Executive2,nikhil.mate@gac.com,,2240307800,9820778772,1
prime fliers pvt.ltd,6,Address,RSO Mumbai-Aditi Kharade,357,Mumbai,110,400029,Aditi Kharade,priyadmelwani@yahoo.co.in,,6632368,-,1
aqua sail India,6,Address,RSO Mumbai-Executive2,357,Mumbai,110,400029,Executive2,sanjeet@aquasailindia.com,,-,9004493216,1
International Travel House Limited,6,Address,RSO Mumbai-Aditi Kharade,357,Mumbai,110,400029,Aditi Kharade,leisurebom1@ith.co.in,,4077 4077,-,1
SBI Capital markets,6,Address,RSO Mumbai-Executive2,357,Mumbai,110,400029,Executive2,prakash.pradase@sbicaps.com,,22178300,-,1
Jinbhuvish Power Generation Pvt.Ltd,6,Address,RSO Mumbai-Executive2,357,Mumbai,110,400029,Executive2,kalpeshgandhi.jpgl@gmail.com,,40824600,9322871063,1
nihon ispat private limited,6,Address,RSO Mumbai-Executive2,357,Mumbai,110,400029,Executive2,pparolia@nihonispat.com,,2222814378,9821082864,1
credit information bureau(India)Limited,6,Address,RSO Mumbai-Executive2,357,Mumbai,110,400029,Executive2,vatsala@cibil.com,,9820748187,-,1
Pacific World,6,Address,RSO Mumbai-Amit Janvalkar,357,Mumbai,110,400029,Amit Janvalkar,prachi.agarwal@pacificworld.com,,9167548449,-,1
PRIMARK TRAVEL HOUSE,6,Address,RSO Mumbai-Aditi Kharade,357,Mumbai,110,400029,Aditi Kharade,travel@pthmail.com,,83-5599-3000,9029003123,1
Wiyo Travels,6,Address,RSO Mumbai-Aditi Kharade,357,Mumbai,110,400029,Aditi Kharade,tours@wiyotravel.com,,23526445,23526445,1
Tata Steel Ltd (wire division),6,Address,RSO Mumbai-Amit Janvalkar,357,Mumbai,110,400029,Amit Janvalkar,shubhenjit@wirestatasteel.com,,022 6642 5337,-,1
India Infoline Finance Ltd,6,Address,RSO Mumbai-Amit Janvalkar,357,Mumbai,110,400029,Amit Janvalkar,mayanks@indiainfoline.com,,2267881000,-,1
Centrum Capital limited,6,Address,RSO Mumbai-Amit Janvalkar,357,Mumbai,110,400029,Amit Janvalkar,dinaz.eavia@centrum.co.in,,-,-,1
Allure Travelseva Services,6,Address,RSO Mumbai-Aditi Kharade,357,Mumbai,110,400029,Aditi Kharade,ops@travelseva.net,,-,9004814249,1
indian banking association,6,Address,RSO Mumbai-Executive2,357,Mumbai,110,400029,Executive2,vp.corpcome@iba.org.in,,22174020,-,1
Nise Holidays,6,Address,RSO Mumbai-Aditi Kharade,357,Mumbai,110,400029,Aditi Kharade,info@niseholidays.com,,9168067869,7588682569,1
IDBI Capital Markets & Securities Limited,6,Address,RSO Mumbai-Executive2,357,Mumbai,110,400029,Executive2,narendra.sharma@idbicapital.com,,-,9867329652,1
La Vena Tours,6,Address,RSO Mumbai-Aditi Kharade,357,Mumbai,110,400029,Aditi Kharade,sales@lavenatours.com,,-,9819069154,1
nocil limited,6,Address,RSO Mumbai-Executive2,357,Mumbai,110,400029,Executive2,vikrantp@nocil.com,,-,-,1
GIGABYTE TECHNOLOGY INDIA PVT. LTD,6,Address,RSO Mumbai-Amit Janvalkar,357,Mumbai,110,400029,Amit Janvalkar,pvyas@gigabyte.in,,022 40633222,-,1
Godrej Industries Limited,6,Address,RSO Mumbai-Aditi Kharade,357,Mumbai,110,400029,Aditi Kharade,nitin.phase@godrejinds.com,,022 2518 8010,(982) 023-7123,1
Centaur Phamaceuticals Pvt Ltd,6,Address,RSO Mumbai-Amit Janvalkar,357,Mumbai,110,400029,Amit Janvalkar,vb@centaurlab.com,,-,-,1
I R Technology,6,Address,RSO Mumbai-Pawan Topkar,357,Mumbai,110,400029,Pawan Topkar,shashikant_ingale@irtech.in,,27688817,(932) 394-9845,1
Trident Clinical Research India Pvt. Ltd.,6,Address,RSO Mumbai-Aditi Kharade,357,Mumbai,110,400029,Aditi Kharade,pkashid@tridentclinicalresearch.com,,022 25800414,+91 9930276050,1
Celite Tyres Pvt Ltd,6,Address,RSO Mumbai-Amit Janvalkar,357,Mumbai,110,400029,Amit Janvalkar,jyoti@celitetyre.com,,2242664222,-,1
JSW Severfield Structure Ltd,6,Address,RSO Mumbai-Amit Janvalkar,357,Mumbai,110,400029,Amit Janvalkar,rukimini.balla@jssl.in,,-,-,1
CA Technologies,6,Address,RSO Mumbai-Amit Janvalkar,357,Mumbai,110,400029,Amit Janvalkar,rupalisiddhesh.khavnekar@contractor.ca.com,,+91 22 66413800,-,1
GIGABYTE TECHNOLOGY INDIA PVT. LTD,6,Address,RSO Mumbai-Amit Janvalkar,357,Mumbai,110,400029,Amit Janvalkar,aditi@gigabyte.in,,022 40633222,986702622,1
DeVoyage,6,Address,RSO Mumbai-Amit Janvalkar,357,Mumbai,110,400029,Amit Janvalkar,rita@devoyage.in,,-,-,1
Hershey India Pvt Ltd,6,Address,RSO Mumbai-Executive2,357,Mumbai,110,400029,Executive2,sdsouza@hersheys.com,,022 25727810,-,1
QAI Global,6,Address,RSO Mumbai-Amit Janvalkar,357,Mumbai,110,400029,Amit Janvalkar,vishaka.seksaria@qaiglobal.com,,-,-,1
COX & KINGS MICE DIVISION,6,Address,RSO Mumbai-Aditi Kharade,357,Mumbai,110,400029,Aditi Kharade,vivek.shanbhag@coxandkings.com,,222709100,-,1
Celite Tyres Pvt Ltd,6,Address,RSO Mumbai-Amit Janvalkar,357,Mumbai,110,400029,Amit Janvalkar,aakash@celitetyre.com,,-,7506996499,1
India Someday Travels,6,Address,RSO Mumbai-Aditi Kharade,357,Mumbai,110,400029,Aditi Kharade,aaliya@indiasomeday.com,,9029789414,9029789414,1
Hi Life Tours- BOM,6,Address,RSO Mumbai-Aditi Kharade,357,Mumbai,110,400029,Aditi Kharade,vp@hltt.in,,-,7506927107,1
Geekay Engineering Services,6,Address,RSO Mumbai-Pawan Topkar,357,Mumbai,110,400029,Pawan Topkar,geekayengg@vsnl.com,,022 27606868,+91 9321134078,1
siddharth colorchem ltd,6,Address,RSO Mumbai-Executive2,357,Mumbai,110,400029,Executive2,admin@ravidyeware.com,,42128000,-,1
CANOPUS HOLIDAYS,6,Address,RSO Mumbai-Aditi Kharade,357,Mumbai,110,400029,Aditi Kharade,operations@canopusholidays.com,,-,9819131083,1
Tata Strategic Management,6,Address,RSO Mumbai-Amit Janvalkar,357,Mumbai,110,400029,Amit Janvalkar,anita.amin@tsmg.com,,6637 6702,9820111509,1
RAK Cetramics,6,Address,RSO Mumbai-Amit Janvalkar,357,Mumbai,110,400029,Amit Janvalkar,anjum.s@rakindia.com,,-,922318053,1
Delta Power Solutions Pvt. Ltd.,6,Address,RSO Mumbai-Pawan Topkar,357,Mumbai,110,400029,Pawan Topkar,ganesh.khot@delta.co.in,,61845200,-,1
Red Chilli Holidays,6,Address,RSO Mumbai-Aditi Kharade,357,Mumbai,110,400029,Aditi Kharade,reservations@redchilliholidays.in,,29661132/31,982163009,1
Soham World,6,Address,RSO Mumbai-Aditi Kharade,357,Mumbai,110,400029,Aditi Kharade,neha.sarougi@sohamworld.com,,+91 22 25981000 / 2020,+91 9930457109,1
Lonza India Pvt.Ltd.,6,Address,RSO Mumbai-Aditi Kharade,357,Mumbai,110,400029,Aditi Kharade,shainaz.hussain@lonza.com,,-,+91 9930372725,1
Hari Om Holidays,6,Address,RSO Mumbai-Aditi Kharade,357,Mumbai,110,400029,Aditi Kharade,niraj@hariomholidays.co.in,,32096670,(982) 146-6670 / 9321266670,1
Bosch Siemens Households,6,Address,RSO Mumbai-Aditi Kharade,357,Mumbai,110,400029,Aditi Kharade,neelam.sanguri@gmail.com,,022 67518000,9167270572,1
WOW Tours,6,Address,RSO Mumbai-Aditi Kharade,357,Mumbai,110,400029,Aditi Kharade,frank.moraes@wowholidays.in,,60600615,9820057383,1
Leading Edge,6,Address,RSO Mumbai-Aditi Kharade,357,Mumbai,110,400029,Aditi Kharade,tours1@leadingedge-india.com,,67286613,9223582115,1
Trimurti Holidays Pvt.Ltd,6,Address,RSO Mumbai-Aditi Kharade,357,Mumbai,110,400029,Aditi Kharade,asha@trimurtiholidays.com,,22854866/67,9821456448,1
Hoegh Autoliners,6,Address,RSO Mumbai-Amit Janvalkar,357,Mumbai,110,400029,Amit Janvalkar,nicky.colaco@hoegh.com,,61377024,9769107941,1
Trust Travel & Tours,6,Address,RSO Mumbai-Aditi Kharade,357,Mumbai,110,400029,Aditi Kharade,ashissh@trusttravel.in,,43432281,8879006731,1
Trust Travel & Tours,6,Address,RSO Mumbai-Aditi Kharade,357,Mumbai,110,400029,Aditi Kharade,shraddha@trusttravel.in,,43432281,8879906732,1
Black Swan,6,Address,RSO Mumbai-Aditi Kharade,357,Mumbai,110,400029,Aditi Kharade,anish@black-swan.in,,-,9890883790,1
AKBAR MICE DIVISION,6,Address,RSO Mumbai-Amit Janvalkar,357,Mumbai,110,400029,Amit Janvalkar,ganesh@akbarholidays.com,,9820256953,-,1
COX & KINGS MICE DIVISION,6,Address,RSO Mumbai-Aditi Kharade,357,Mumbai,110,400029,Aditi Kharade,mikhail.engineer@coxandkings.com,,022 22709100,9870679374,1
Hamon Shriram Cottrell Pvt Ltd,6,Address,RSO Mumbai-Amit Janvalkar,357,Mumbai,110,400029,Amit Janvalkar,amisha.champaneri@hamon.com,,-,-,1
Muthoot Housing Finance,6,Address,RSO Mumbai-Amit Janvalkar,357,Mumbai,110,400029,Amit Janvalkar,jennifer.vaz@muthoot.com,,309471444,9819815150,1
Human Factors International,6,Address,RSO Mumbai-Aditi Kharade,357,Mumbai,110,400029,Aditi Kharade,haseeb.p@humanfactors.com,,40170400,9819712196,1
Brother International (India) Pvt. Ltd.,6,Address,RSO Mumbai-Aditi Kharade,357,Mumbai,110,400029,Aditi Kharade,rekha.tahashildar@brother.in,,-,-,1
"Zoetis India Limited,",6,Address,RSO Mumbai-Amit Janvalkar,357,Mumbai,110,400029,Amit Janvalkar,forom.bajaria@zoetis.com,,-66513887,-,1
"Zoetis India Limited,",6,Address,RSO Mumbai-Amit Janvalkar,357,Mumbai,110,400029,Amit Janvalkar,anish.ganatra@zoetis.com,,022-66513865,-,1
Book My show,6,Address,RSO Mumbai-Amit Janvalkar,357,Mumbai,110,400029,Amit Janvalkar,anita.bangera@bookmyshow.com,,2265088960,-,1
Hansa Events & Activation,6,Address,RSO Mumbai-Aditi Kharade,357,Mumbai,110,400029,Aditi Kharade,hussain.sham@hansaevents.com,,43229292,9167392771,1
"Zoetis India Limited,",6,Address,RSO Mumbai-Amit Janvalkar,357,Mumbai,110,400029,Amit Janvalkar,jigna.gami@zoetis.com,,22 66513800,8879909519,1
Cennect Worldwide,6,Address,RSO Mumbai-Aditi Kharade,357,Mumbai,110,400029,Aditi Kharade,connectworldwideholidays@gmail.com,,8452823309,8452823309// 7208770039,1
Sai Krupa Travels,6,Address,RSO Mumbai-Aditi Kharade,357,Mumbai,110,400029,Aditi Kharade,info@saikrupatravels.net,,28728094,8452991900,1
Cipla - Vihkroli,6,Address,RSO Mumbai-Amit Janvalkar,357,Mumbai,110,400029,Amit Janvalkar,shirly.rodrigues@cipla.com,,25761919,-,1
Hansa Events & Activation,6,Address,RSO Mumbai-Aditi Kharade,357,Mumbai,110,400029,Aditi Kharade,niranjan.deshpande@hansaevents.com,,43229292,9769965529,1
Hansa Events & Activation,6,Address,RSO Mumbai-Aditi Kharade,357,Mumbai,110,400029,Aditi Kharade,atish.kothari@hansaevents.com,,43229292,9769206257,1
Panama Petrochem Ltd,6,Address,RSO Mumbai-Executive2,357,Mumbai,110,400029,Executive2,cs@panamapetro.com,,42177777,-,1
Seventeen Events,6,Address,RSO Mumbai-Aditi Kharade,357,Mumbai,110,400029,Aditi Kharade,domnic@seventeenevents.com,,9821638318,9821638318,1
Mody Pumps Foundry Technologies Pvt. LTd.,6,Address,RSO Mumbai-Aditi Kharade,357,Mumbai,110,400029,Aditi Kharade,pravin@modypumps.com,,2512621986,9920374546,1
Cipla - Vihkroli,6,Address,RSO Mumbai-Amit Janvalkar,357,Mumbai,110,400029,Amit Janvalkar,raj.arunahaly@cipla.com,,25761919,-,1
Leo Burnett,6,Address,RSO Mumbai-Amit Janvalkar,357,Mumbai,110,400029,Amit Janvalkar,ravi.amin@indigo.co.in,,-,9820853577,1
"Zoetis India Limited,",6,Address,RSO Mumbai-Amit Janvalkar,357,Mumbai,110,400029,Amit Janvalkar,gurleen.ghura@zoetis.com,,66513854,-,1
HOK India,6,Address,RSO Mumbai-Aditi Kharade,357,Mumbai,110,400029,Aditi Kharade,hokindia@hok.com,,+91 22 2570 8956 / 57 / 58,-,1
Aptar Pharma,6,Address,RSO Mumbai-Pawan Topkar,357,Mumbai,110,400029,Pawan Topkar,vidya.budnur@aptar.com,,022 61951908,9930141667,1
ZENTA,6,Address,RSO Mumbai-Aditi Kharade,357,Mumbai,110,400029,Aditi Kharade,sghoshal@zenta.com,,+91 22 3056 2282,+91 9892288271,1
Bharat Bijlee,6,Address,RSO Mumbai-Pawan Topkar,357,Mumbai,110,400029,Pawan Topkar,sunita.shetty@bharatbijlee.com,,+91 22 27637345,+91 9869544240,1
Aristo Pharma,6,Address,RSO Mumbai-Amit Janvalkar,357,Mumbai,110,400029,Amit Janvalkar,anil@aristopharma.org,,2226739999,-,1
LANXESS India Private Limited,6,Address,RSO Mumbai-Aditi Kharade,357,Mumbai,110,400029,Aditi Kharade,esther.evelikar@lanxess.com,,+91 22 2172 9200,+91 98199 11160,1
Tide Water Oil Co India Ltd,6,Address,RSO Mumbai-Pawan Topkar,357,Mumbai,110,400029,Pawan Topkar,cynthis@tidewateroil.co.in,,(932) 253-3123,(932) 253-3123,1
AKBAR MICE DIVISION,6,Address,RSO Mumbai-Amit Janvalkar,357,Mumbai,110,400029,Amit Janvalkar,sachin.t@akbarholidays.com,,9004231207,-,1
Fundtech India Ltd.,6,Address,RSO Mumbai-Aditi Kharade,357,Mumbai,110,400029,Aditi Kharade,purushottam.deshmukh@fundtech.co.in,,+91 22 4200 0500,+91 9867278773,1
Brother International (India) Pvt. Ltd.,6,Address,RSO Mumbai-Aditi Kharade,357,Mumbai,110,400029,Aditi Kharade,supriya_shetty@brother.in,,+91 22 4098 8900,-,1
DKSH India Pvt. Ltd.,6,Address,RSO Mumbai-Aditi Kharade,357,Mumbai,110,400029,Aditi Kharade,cynthia.creado@dksh.com,,+91 22 6157 7041,+91 9920166336,1
aurionPro Solutions Ltd.,6,Address,RSO Mumbai-Aditi Kharade,357,Mumbai,110,400029,Aditi Kharade,mubassir.bhatkar@aurionpro.com,,+91 22 6770 7195,+91 9594441899,1
Connect Hospitality,6,Address,RSO Mumbai-Amit Janvalkar,357,Mumbai,110,400029,Amit Janvalkar,hotelconnecthospitality@gmail.com,,-,9930878328,1
Centaur Phamaceuticals Pvt Ltd,6,Address,RSO Mumbai-Amit Janvalkar,357,Mumbai,110,400029,Amit Janvalkar,shashi@centarurlab.com,,66499215,-,1
Raheja QBE General Insurance Company Ltd,6,Address,RSO Mumbai-Amit Janvalkar,357,Mumbai,110,400029,Amit Janvalkar,trupti.thakkar@rahejaqbe.com,,-,-,1
JSW Severfield Structure Ltd,6,Address,RSO Mumbai-Amit Janvalkar,357,Mumbai,110,400029,Amit Janvalkar,sridevi.suresh@jssl.in,,-,-,1
Headlines Media & Events,6,Address,RSO Mumbai-Aditi Kharade,357,Mumbai,110,400029,Aditi Kharade,info@ipscasia.com,,26866500,9821208869,1
WOW Tours,6,Address,RSO Mumbai-Aditi Kharade,357,Mumbai,110,400029,Aditi Kharade,sachin.tondwalkar@wowholidays.in,,60600615,9967790060,1
Kiara Andamans,6,Address,RSO Mumbai-Aditi Kharade,357,Mumbai,110,400029,Aditi Kharade,kiaraandamans@gmail.com,,9769888635,9769888635,1
Seventeen Events,6,Address,RSO Mumbai-Aditi Kharade,357,Mumbai,110,400029,Aditi Kharade,shoeb@seventeenevents.com,,9821638318,8108805129,1
India Bound,6,Address,RSO Mumbai-Aditi Kharade,357,Mumbai,110,400029,Aditi Kharade,visit@indiaboundholidays.in,,64513585,9821859080,1
The louis Berger Group,6,Address,RSO Mumbai-Amit Janvalkar,357,Mumbai,110,400029,Amit Janvalkar,vbhika@louisberger.com,,022 4063 7400,022 4063 7400,1
Ravine Trek,6,Address,RSO Mumbai-Aditi Kharade,357,Mumbai,110,400029,Aditi Kharade,ravinetrek@gmail.com,,28936320,9322647575,1
Freespirits,6,Address,RSO Mumbai-Aditi Kharade,357,Mumbai,110,400029,Aditi Kharade,lochana@freespirits.co.in,,40213777,9702187000,1
Vacations Exotica - Mumbai,6,Address,RSO Mumbai-Aditi Kharade,357,Mumbai,110,400029,Aditi Kharade,reshma.k@vacationsexotica.com,,28908447,9820137381,1
Elite Destination Management,6,Address,RSO Mumbai-Aditi Kharade,357,Mumbai,110,400029,Aditi Kharade,mihirgandhi@edmindia.co.in,,267778101,9167778101,1
Grisbi Holidays,6,Address,RSO Mumbai-Aditi Kharade,357,Mumbai,110,400029,Aditi Kharade,alpagadoya@grisbiholidays.com,,26614750/51,9867361268,1
BCD Travels Mumbai,6,Address,RSO Mumbai-Amit Janvalkar,357,Mumbai,110,400029,Amit Janvalkar,leisure1.bom@bcdtravel.in,,40420936,-,1
Freespirits,6,Address,RSO Mumbai-Aditi Kharade,357,Mumbai,110,400029,Aditi Kharade,romel@freespirits.co.in,,40213777,9702087000,1
Gilpin Travel Management,6,Address,RSO Mumbai-Aditi Kharade,357,Mumbai,110,400029,Aditi Kharade,riddhi@gilpintravelindia.com,,67719413,-,1
India Travelite,6,Address,RSO Mumbai-Aditi Kharade,357,Mumbai,110,400029,Aditi Kharade,indiatravelite@vsnl.com,,28079270/ 66959447,9820090239,1
Hicare Services Pvt. LTd.,6,Address,RSO Mumbai-Aditi Kharade,357,Mumbai,110,400029,Aditi Kharade,christina.mathews@hicare.com,,671407000,-,1
The Wanderers,6,Address,RSO Mumbai-Aditi Kharade,357,Mumbai,110,400029,Aditi Kharade,ashis@thewanderers.co.in,,67023377,9820007366,1
UB Group,6,Address,RSO Mumbai-Executive2,357,Mumbai,110,400029,Executive2,dalex@ubmail.com,,22824063,-,1
Alpcord Network MICE,6,Address,RSO Mumbai-Aditi Kharade,357,Mumbai,110,400029,Aditi Kharade,miceops@alpcord.com,,67878605,7506036849,1
COX & KINGS MICE DIVISION,6,Address,RSO Mumbai-Aditi Kharade,357,Mumbai,110,400029,Aditi Kharade,prachi.marker@coxandkings.com,,-,2222709100,1
SFC Environmental Technologies Pvt Ltd,6,Address,RSO Mumbai-Pawan Topkar,357,Mumbai,110,400029,Pawan Topkar,rajesh@ctechsbr.com,,(961) 989-8803,(961) 989-8803,1
Pacific Holidays,6,Address,RSO Mumbai-Aditi Kharade,357,Mumbai,110,400029,Aditi Kharade,info@pacificholidaysworld.com,,9821291910,9821291910,1
LANXESS India Private Limited,6,Address,RSO Mumbai-Aditi Kharade,357,Mumbai,110,400029,Aditi Kharade,madhuri.ranshinge@lanxess.com,,+91 22 2172 9693,+91 98217 21613,1
AKBAR MICE DIVISION,6,Address,RSO Mumbai-Amit Janvalkar,357,Mumbai,110,400029,Amit Janvalkar,hitesh.k@akbarholidays.com,,9870538386,-,1
Nagra Media Private Limited,6,Address,RSO Mumbai-Aditi Kharade,357,Mumbai,110,400029,Aditi Kharade,nagmana.sequeira@nagra.com,,+91 22 6715 7004 / 7000,+91 9870097797,1
Trimos Metrology,6,Address,RSO Mumbai-Aditi Kharade,357,Mumbai,110,400029,Aditi Kharade,satish_g@trimosmetrology.net,,40969555,(922) 339-0257,1
EXOTIC INDIA TOURS,6,Address,RSO Mumbai-Aditi Kharade,357,Mumbai,110,400029,Aditi Kharade,moushmi@exoticindiatours.in,,-,-,1
Standard Charter Bank,6,Address,RSO Mumbai-Amit Janvalkar,357,Mumbai,110,400029,Amit Janvalkar,amar.gambire@sc.com,,26759448,9987139485,1
AKBAR MICE DIVISION,6,Address,RSO Mumbai-Amit Janvalkar,357,Mumbai,110,400029,Amit Janvalkar,gopi.m@akbarholidays.com,,9820940777,-,1
AKBAR MICE DIVISION,6,Address,RSO Mumbai-Amit Janvalkar,357,Mumbai,110,400029,Amit Janvalkar,mansi.g@akbarholidays.com,,8108214811,-,1
Sportz Interactive,6,Address,RSO Mumbai-Amit Janvalkar,357,Mumbai,110,400029,Amit Janvalkar,akshay@sportzinteractive.ne,,-,-,1
DKSH India Pvt. Ltd.,6,Address,RSO Mumbai-Aditi Kharade,357,Mumbai,110,400029,Aditi Kharade,leena.masters@dksh.com,,+91 22 6157 7041,+91 9820525999,1
Grainger Industrial Supply India Pvt. Ltd.,6,Address,RSO Mumbai-Aditi Kharade,357,Mumbai,110,400029,Aditi Kharade,parash.bhatt@graingerindia.com,,+91 22 67419722,+91 9223171922,1
Sutherlands Global Services,6,Address,RSO Mumbai-Aditi Kharade,357,Mumbai,110,400029,Aditi Kharade,neelam.joshi@sutherlandglobal.com,,+91 22 6799 9000,+91 9819604019,1
CBay Systems (India) Pvt. Ltd.,6,Address,RSO Mumbai-Pawan Topkar,357,Mumbai,110,400029,Pawan Topkar,milind.patil@cbayindia.com,,+91 22 66417575,-,1
SCHMOLZ + BICKENBACH,6,Address,RSO Mumbai-Aditi Kharade,357,Mumbai,110,400029,Aditi Kharade,s.gandhi@schmolz-bickenbach.com,,61460468,(932) 029-9101,1
Roquette India Pvt. Ltd.,6,Address,RSO Mumbai-Aditi Kharade,357,Mumbai,110,400029,Aditi Kharade,subhash.vatkethyl@roquette.com,,+91 22 2570 6775,-,1
Human Factors International,6,Address,RSO Mumbai-Aditi Kharade,357,Mumbai,110,400029,Aditi Kharade,ravi.a@humanfactors.com,,40170400,-,1
The Wanderers,6,Address,RSO Mumbai-Aditi Kharade,357,Mumbai,110,400029,Aditi Kharade,rina@thewanderers.co.in,,67023377,9820750349,1
IHS.Yatra.Com,6,Address,RSO Mumbai-Aditi Kharade,357,Mumbai,110,400029,Aditi Kharade,barkha.khira@ihs-yatra.com,,42754700,9320637944,1
Stryker India,6,Address,RSO Mumbai-Aditi Kharade,357,Mumbai,110,400029,Aditi Kharade,admin.mumbai@stryker.com,,67251301,9820044461,1
Leading Edge,6,Address,RSO Mumbai-Aditi Kharade,357,Mumbai,110,400029,Aditi Kharade,events@leadingedge-india.com,,67286613,9223582114,1
Kusum Travels,6,Address,RSO Mumbai-Aditi Kharade,357,Mumbai,110,400029,Aditi Kharade,amit@kusumtravels.net,,42539999,9820078604,1
Titan,6,Address,RSO Mumbai-Amit Janvalkar,357,Mumbai,110,400029,Amit Janvalkar,vinits@titan.co.in,,61062100,9870256003,1
Globe Holidays,6,Address,RSO Mumbai-Aditi Kharade,357,Mumbai,110,400029,Aditi Kharade,info@globeholidays.in,,28948822/23,9920209944,1
Gilpin Travel Management,6,Address,RSO Mumbai-Aditi Kharade,357,Mumbai,110,400029,Aditi Kharade,ali@gilpintravelindia.com,,67719413,-,1
Turner & Townsend,6,Address,RSO Mumbai-Amit Janvalkar,357,Mumbai,110,400029,Amit Janvalkar,carol.dsouza@turntown.com,,40719800,9773300742,1
Ottila International,6,Address,RSO Mumbai-Aditi Kharade,357,Mumbai,110,400029,Aditi Kharade,products@saltours-india.com,,67204999,-,1
DHL Logistics Pvt Ltd.,6,Address,RSO Mumbai-Aditi Kharade,357,Mumbai,110,400029,Aditi Kharade,yojna.mantri@dhl.com,,61362000,-,1
ICICI Securities,6,Address,RSO Mumbai-Pawan Topkar,357,Mumbai,110,400029,Pawan Topkar,rahul.jadhav@icicisecurities.com,,022 40701462,9167451526,1
Wynn Hospitality,6,Address,RSO Mumbai-Aditi Kharade,357,Mumbai,110,400029,Aditi Kharade,sales@wynnh.com,,64561112,9820757530,1
Sanyog Tours & Travels,6,Address,RSO Mumbai-Aditi Kharade,357,Mumbai,110,400029,Aditi Kharade,sanyogtours@gmail.com,,24155926,9869191210,1
Consulate General De France,6,Address,RSO Mumbai-Amit Janvalkar,357,Mumbai,110,400029,Amit Janvalkar,nikhil.thorat@ubifrance.fr,,66694086,-,1
SDL Multilingual Solutions Pvt. LTd.,6,Address,RSO Mumbai-Pawan Topkar,357,Mumbai,110,400029,Pawan Topkar,sgoli@sdl.com,,41384500,9833847005,1
Air Arena Tours & Travels,6,Address,RSO Mumbai-Aditi Kharade,357,Mumbai,110,400029,Aditi Kharade,arena.tt@gmail.com,,26674444,9004814249,1
SDL Multilingual Solutions Pvt. LTd.,6,Address,RSO Mumbai-Pawan Topkar,357,Mumbai,110,400029,Pawan Topkar,schoubal@sdl.com,,41384617,-,1
Marrott's Travel Express Pvt.Ltd,6,Address,RSO Mumbai-Aditi Kharade,357,Mumbai,110,400029,Aditi Kharade,subhash@marrotts.com,,67805000,-,1
Leading Edge,6,Address,RSO Mumbai-Aditi Kharade,357,Mumbai,110,400029,Aditi Kharade,tours@leadingedge-india.com,,67286613,9223582111,1
Akumentis Healthcare Ltd.,6,Address,RSO Mumbai-Pawan Topkar,357,Mumbai,110,400029,Pawan Topkar,bsunil@myakumentis.com,,61146000,8080046922,1
TourKraft,6,Address,RSO Mumbai-Aditi Kharade,357,Mumbai,110,400029,Aditi Kharade,remya@tourkraft.com,,42574574,9167722931,1
AMW Motors Ltd,6,Address,RSO Mumbai-Amit Janvalkar,357,Mumbai,110,400029,Amit Janvalkar,surjeet.nagpal@amwasia.com,,33826000,-,1
National Stock Exchange of India Limited,6,Address,RSO Mumbai-Amit Janvalkar,357,Mumbai,110,400029,Amit Janvalkar,narora@nse.co.in,,26598100,-,1
Shree Plan Your Journey,6,Address,RSO Mumbai-Aditi Kharade,357,Mumbai,110,400029,Aditi Kharade,janvidm@yahoo.com,,49210400,492104000,1
L&T Finance Ltd,6,Address,RSO Mumbai-Amit Janvalkar,357,Mumbai,110,400029,Amit Janvalkar,vrishalineroy@ltfinance.com,,67372727,-,1
A.P.Moller-Maersk,6,Address,RSO Mumbai-Aditi Kharade,357,Mumbai,110,400029,Aditi Kharade,sheirly.soans@maersk.com,,-,-,1
Jardine Lloyd Thompson India Pvt. Ltd.,6,Address,RSO Mumbai-Aditi Kharade,357,Mumbai,110,400029,Aditi Kharade,prabhjot_more@jltgroup.com,,+91 22 4068 7500,+91 9769696837,1
Capgemini Consulting India Pvt. Ltd.,6,Address,RSO Mumbai-Aditi Kharade,357,Mumbai,110,400029,Aditi Kharade,arun.yadav@capgemini.com,,+91 22 6756 3000,+91 9819183024,1
Hi Life Tours- BOM,6,Address,RSO Mumbai-Aditi Kharade,357,Mumbai,110,400029,Aditi Kharade,ops.mgr@hltt.in,,-,7506927173,1
Red Chilli Holidays,6,Address,RSO Mumbai-Aditi Kharade,357,Mumbai,110,400029,Aditi Kharade,sandhya@redchilliholidays.in,,29661132/31,9820033892,1
Alpcord Network MICE,6,Address,RSO Mumbai-Aditi Kharade,357,Mumbai,110,400029,Aditi Kharade,micemumbai@alpcord.com,,67878605,7506036848,1
CIMB Securities (India) Pvt. Ltd.,6,Address,RSO Mumbai-Amit Janvalkar,357,Mumbai,110,400029,Amit Janvalkar,sivaprasad.ak@cimb.com,,22 66025109,9833507776,1
National Stock Exchange of India Limited,6,Address,RSO Mumbai-Amit Janvalkar,357,Mumbai,110,400029,Amit Janvalkar,hnalwala@nse.co.in,,26598100,-,1
Arch Destinations,6,Address,RSO Mumbai-Aditi Kharade,357,Mumbai,110,400029,Aditi Kharade,hotels@archdipl.com,,22 28429292,9920330110,1
Pine Tree Pictures,6,Address,RSO Mumbai-Aditi Kharade,357,Mumbai,110,400029,Aditi Kharade,arpita@pinetreepictures.in,,6501 0137,9930402184,1
IPCA Labs,6,Address,RSO Mumbai-Amit Janvalkar,357,Mumbai,110,400029,Amit Janvalkar,darshana.patil@ipca.com,,-,-,1
SITEl India,6,Address,RSO Mumbai-Aditi Kharade,357,Mumbai,110,400029,Aditi Kharade,pranali.salve@sitel.com,,91 22 7117 4800,9702457806,1
Go Places,6,Address,RSO Mumbai-Aditi Kharade,357,Mumbai,110,400029,Aditi Kharade,info@goplaces.co.in,,26732444,9699712444,1
Ajmal Travel,6,Address,RSO Mumbai-Aditi Kharade,357,Mumbai,110,400029,Aditi Kharade,jenny.anjmal@gmail.com,,28261818,-,1
TRAVEL CONSULTANT,6,Address,RSO Mumbai-Aditi Kharade,357,Mumbai,110,400029,Aditi Kharade,travelconsultant31@yahoo.in,,9833934801,-,1
Travel Viva,6,Address,RSO Mumbai-Aditi Kharade,357,Mumbai,110,400029,Aditi Kharade,sanjay@travelviva.in,,8014000,-,1
Blue Star,6,Address,RSO Mumbai-Amit Janvalkar,357,Mumbai,110,400029,Amit Janvalkar,melaniesonavane@bluestarindia.com,,2266544000,9930209225,1
I Travel,6,Address,RSO Mumbai-Aditi Kharade,357,Mumbai,110,400029,Aditi Kharade,pradeep@itravelbookings.com,,67252333,9987343300,1
Alpcord Network MICE,6,Address,RSO Mumbai-Aditi Kharade,357,Mumbai,110,400029,Aditi Kharade,events@alpcord.com,,67878605,7506036847,1
Hellmann Worldwide Logistics,6,Address,RSO Mumbai-Aditi Kharade,357,Mumbai,110,400029,Aditi Kharade,yagawde@in.hellmann.net,,42003500,7738388038,1
Vacation Club,6,Address,RSO Mumbai-Aditi Kharade,357,Mumbai,110,400029,Aditi Kharade,shailesh.thakur@beyondplaces.com,,20890508,8655 666 441,1
Valu Plus Hosp,6,Address,RSO Mumbai-Aditi Kharade,357,Mumbai,110,400029,Aditi Kharade,alex.louis@valueplushospitality.com,,-,7738365831,1
COX & KINGS MICE DIVISION,6,Address,RSO Mumbai-Aditi Kharade,357,Mumbai,110,400029,Aditi Kharade,nilofar.doctor@coxandkings.com,,2222709100,-,1
Boiron Laboratories,6,Address,RSO Mumbai-Amit Janvalkar,357,Mumbai,110,400029,Amit Janvalkar,info@boiron.in,,2228720610,-,1
The Wanderers,6,Address,RSO Mumbai-Aditi Kharade,357,Mumbai,110,400029,Aditi Kharade,abhik@thewanderers.co.in,,67023377,9820007367,1
Ottila International,6,Address,RSO Mumbai-Aditi Kharade,357,Mumbai,110,400029,Aditi Kharade,dipti@ottila.in,,67204999,6720 4999,1
Book My show,6,Address,RSO Mumbai-Amit Janvalkar,357,Mumbai,110,400029,Amit Janvalkar,tehsin.hussain@bookmyshow.com,,2226282232,-,1
Laqshya Media Group,6,Address,RSO Mumbai-Executive2,357,Mumbai,110,400029,Executive2,deepesh.f@laqshyagroup.com,,33086666,9820958085,1
Tolu Tours,6,Address,RSO Mumbai-Aditi Kharade,357,Mumbai,110,400029,Aditi Kharade,tolutours.india@gmail.com,,-,9422801146,1
Bhavya Tours & Travels,6,Address,RSO Mumbai-Aditi Kharade,357,Mumbai,110,400029,Aditi Kharade,dilipparekh1950@gmail.com,,66830610,9930257428,1
Traveller's Inn,6,Address,RSO Mumbai-Aditi Kharade,357,Mumbai,110,400029,Aditi Kharade,planvac@gmail.com,,-,9930083904,1
ICICI Securities,6,Address,RSO Mumbai-Pawan Topkar,357,Mumbai,110,400029,Pawan Topkar,shrushti.narvekar@icicisecurities.com,,22 4070104,9920134210,1
Ottila International,6,Address,RSO Mumbai-Aditi Kharade,357,Mumbai,110,400029,Aditi Kharade,stalin@ottila.net,,67204999,-,1
Jaquar & Company Pvt Ltd,6,Address,RSO Mumbai-Amit Janvalkar,357,Mumbai,110,400029,Amit Janvalkar,justina@jaquar.com,,30948850,-,1
Hindustan Coca Cola Beverages Pvt. Ltd.,6,Address,RSO Mumbai-Aditi Kharade,357,Mumbai,110,400029,Aditi Kharade,vsudhirsawale@coca-cola.com,,2526220078,7798655880,1
Almondz Reisurance Broker Pvt Ltd,6,Address,RSO Mumbai-Amit Janvalkar,357,Mumbai,110,400029,Amit Janvalkar,girish.nair@almondz.com,,61516713,9004440652,1
Time Travel,6,Address,RSO Mumbai-Aditi Kharade,357,Mumbai,110,400029,Aditi Kharade,timetravel2020@gmail.com,,-,9833358978,1
Merck Ltd.,6,Address,RSO Mumbai-Pawan Topkar,357,Mumbai,110,400029,Pawan Topkar,deepali.chawla@merckgroup.com,,67944370,9930128317,1
Hoegh Autoliners,6,Address,RSO Mumbai-Amit Janvalkar,357,Mumbai,110,400029,Amit Janvalkar,aniket.patwardhan@hoegh.com,,-,-,1
Airlink Holidays,6,Address,RSO Mumbai-Aditi Kharade,357,Mumbai,110,400029,Aditi Kharade,atts4444@gmail.com,,26610003/4/5,9821348225,1
DHL Logistics Pvt Ltd.,6,Address,RSO Mumbai-Aditi Kharade,357,Mumbai,110,400029,Aditi Kharade,avita.pacchero@dhl.in,,61362000,-,1
Marico Ltd,6,Address,RSO Mumbai-Executive2,357,Mumbai,110,400029,Executive2,nazeenm@maricoindia.net,,022 61486802,(981) 986-6868,1
MIC Monetium Immigration Consultants,6,Address,RSO Mumbai-Pawan Topkar,357,Mumbai,110,400029,Pawan Topkar,info@monetiumic.com,,27817301-03,-,1
E Star Commerce Exchange LLP,6,Address,RSO Mumbai-Aditi Kharade,357,Mumbai,110,400029,Aditi Kharade,rakesh.bagal@ecomexchange.biz,,022 66097607,9833900497,1
Minesh Travels,6,Address,RSO Mumbai-Aditi Kharade,357,Mumbai,110,400029,Aditi Kharade,mineshtravels@gmail.com,,22 2865 9898,93222 14054,1
South Indian Bank,6,Address,RSO Mumbai-Amit Janvalkar,357,Mumbai,110,400029,Amit Janvalkar,joemonj@sib.co.in,,67868888,-,1
The Wanderers,6,Address,RSO Mumbai-Aditi Kharade,357,Mumbai,110,400029,Aditi Kharade,riddhi@thewanderers.co.in,,67023377,9920659741,1
Bank of India,6,Address,RSO Mumbai-Amit Janvalkar,357,Mumbai,110,400029,Amit Janvalkar,ho.travel@bankofindia.co.in,,66684977,-,1
CGG,6,Address,RSO Mumbai-Aditi Kharade,357,Mumbai,110,400029,Aditi Kharade,ashwini.shinde@cgg.in,,6605 9100,-,1
Inox Holidays,6,Address,RSO Mumbai-Aditi Kharade,357,Mumbai,110,400029,Aditi Kharade,inox.holidays@gmail.com,,26787558,9820202729,1
Jacobs Engineering India Pvt. Ltd.,6,Address,RSO Mumbai-Pawan Topkar,357,Mumbai,110,400029,Pawan Topkar,valsa.kurian@jacobs.com,,67562000,-,1
Pink City Logistics Ltd.,6,Address,RSO Mumbai-Pawan Topkar,357,Mumbai,110,400029,Pawan Topkar,manish@pinkcitysilica.com,,2227562739,9702999781,1
Bloom Systems Pvt. Ltd.,6,Address,RSO Mumbai-Pawan Topkar,357,Mumbai,110,400029,Pawan Topkar,karthik.nair@bloomsystem.in,,68006800,-,1
DDB Mudra Group,6,Address,RSO Mumbai-Amit Janvalkar,357,Mumbai,110,400029,Amit Janvalkar,gerard.fernandes@ddbmudragroup.com,,8080118812,-,1
Click Me Go,6,Address,RSO Mumbai-Aditi Kharade,357,Mumbai,110,400029,Aditi Kharade,priyanka.wani@infibeam.net,,42536373,8655415046,1
Dayal Tours & Travels Pvt.Ltd,6,Address,RSO Mumbai-Aditi Kharade,357,Mumbai,110,400029,Aditi Kharade,info@dayaltravels.com,,40748400,9833377815,1
ICICI Securities,6,Address,RSO Mumbai-Pawan Topkar,357,Mumbai,110,400029,Pawan Topkar,apurva.tupdale@icicisecuriteies.com,,-,9167236281,1
V&V Comptech systems Pvt. Ltd.,6,Address,RSO Mumbai-Pawan Topkar,357,Mumbai,110,400029,Pawan Topkar,varsha@vnvcs.com,,27782895,-,1
Kusum Travels,6,Address,RSO Mumbai-Aditi Kharade,357,Mumbai,110,400029,Aditi Kharade,unnati@kusumtravels.net,,42539999,9167391558,1
ITD Cementation India Ltd,6,Address,RSO Mumbai-Amit Janvalkar,357,Mumbai,110,400029,Amit Janvalkar,d.kevin@itdcem.co.in,,2267680600,9820354628,1
Arup India Pvt Ltd,6,Address,RSO Mumbai-Amit Janvalkar,357,Mumbai,110,400029,Amit Janvalkar,preeti.shinde@arup.com,,26570494,-,1
protos engineering co.pvt.ltd,6,Address,RSO Mumbai-Executive2,357,Mumbai,110,400029,Executive2,sanjay.anchan@protosindia.com,,-,9324662001,1
tybros (India)Tours Pvt.Ltd,6,Address,RSO Mumbai-Aditi Kharade,357,Mumbai,110,400029,Aditi Kharade,ananya.dev@tybrosholidays.com,,022-22800800,9004396260,1
Nyka Events Pvt Ltd,6,Address,RSO Mumbai-Amit Janvalkar,357,Mumbai,110,400029,Amit Janvalkar,kimaya@nykaevents.com,,9930989759,-,1
Nyka Events Pvt Ltd,6,Address,RSO Mumbai-Amit Janvalkar,357,Mumbai,110,400029,Amit Janvalkar,sandip@nykaevents.com,,7738091703,-,1
PL Worldways Mumbai,6,Address,RSO Mumbai-Aditi Kharade,357,Mumbai,110,400029,Aditi Kharade,mary.slfred@plworldways.com,,7045049717,-,1
BCD Travels Mumbai,6,Address,RSO Mumbai-Amit Janvalkar,357,Mumbai,110,400029,Amit Janvalkar,leisure.bom@bcdtravel.in,,40420936,9870899919,1
Sundowner Offshore International Ltd(Nabors),6,Address,RSO Mumbai-Executive2,357,Mumbai,110,400029,Executive2,jeffrey.dsouza@nabors.com,,2229261317,(961) 915-8939,1
Mercator info services,6,Address,RSO Mumbai-Pawan Topkar,357,Mumbai,110,400029,Pawan Topkar,bb@misipl.in,,39116400,-,1
Akumentis Healthcare Ltd.,6,Address,RSO Mumbai-Pawan Topkar,357,Mumbai,110,400029,Pawan Topkar,swapnilw@myakumentis.com,,61146000,-,1
GEM Tours Elphinston,6,Address,RSO Mumbai-Aditi Kharade,357,Mumbai,110,400029,Aditi Kharade,jagrutie@gemtravels.com,,61019101,9833689408,1
Muratec Machinery India Pvt ltd,6,Address,RSO Mumbai-Amit Janvalkar,357,Mumbai,110,400029,Amit Janvalkar,dkesarkar@muratec-india.com,,22-2659 0275 ~ 77,-,1
Globeop Financial Services,6,Address,RSO Mumbai-Pawan Topkar,357,Mumbai,110,400029,Pawan Topkar,kavita.r@globeop.com,,41175000,-,1
JWT,6,Address,RSO Mumbai-Amit Janvalkar,357,Mumbai,110,400029,Amit Janvalkar,chandrakant.sheregar@jwt.com,,40985555,-,1
Geometric Ltd.,6,Address,RSO Mumbai-Pawan Topkar,357,Mumbai,110,400029,Pawan Topkar,kavita@geometric.com,,6705 6556,-,1
JM Mehta Travel & Tour Co.Pvt.Ltd,6,Address,RSO Mumbai-Aditi Kharade,357,Mumbai,110,400029,Aditi Kharade,travel@vsnl.com,,26666565,9619857775,1
Go Caribou,6,Address,RSO Mumbai-Aditi Kharade,357,Mumbai,110,400029,Aditi Kharade,roshni@gocaribou.com,,67708788,9870259496,1
SDL Multilingual Solutions Pvt. LTd.,6,Address,RSO Mumbai-Pawan Topkar,357,Mumbai,110,400029,Pawan Topkar,dramteke@sdl.com,,41384500,-,1
Laqshya Media Group,6,Address,RSO Mumbai-Executive2,357,Mumbai,110,400029,Executive2,ashwini.f@laqshyagroup.com,,33086666,7710819907,1
Zest Tours & Travels,6,Address,RSO Mumbai-Aditi Kharade,357,Mumbai,110,400029,Aditi Kharade,prachi@zesttour.com,,61467021,-,1
Travel Katta,6,Address,RSO Mumbai-Aditi Kharade,357,Mumbai,110,400029,Aditi Kharade,amit@travelkattaa.com,,68.24311019,9870021510,1
Nesco Hospitality,6,Address,RSO Mumbai-Aditi Kharade,357,Mumbai,110,400029,Aditi Kharade,bhushan.jalgaonkar@nesco.in,,6645123,9619898501,1
Packsys Global India Pvt. Ltd.,6,Address,RSO Mumbai-Pawan Topkar,357,Mumbai,110,400029,Pawan Topkar,ramakrishnan@packsysglobal.com,,65105045,-,1
Centre for Civil Society,6,Address,RSO Mumbai-Pawan Topkar,357,Mumbai,110,400029,Pawan Topkar,vikalp@ccs.in,,66739455,-,1
Spectrum Technologies,6,Address,RSO Mumbai-Pawan Topkar,357,Mumbai,110,400029,Pawan Topkar,anil.singhal@soopl.in,,27810091,-,1
Here Ltd.,6,Address,RSO Mumbai-Pawan Topkar,357,Mumbai,110,400029,Pawan Topkar,reshma.huda@here.in,,66079000,-,1
Juhi Developers,6,Address,RSO Mumbai-Pawan Topkar,357,Mumbai,110,400029,Pawan Topkar,hitesh@juhidevelopers.com,,27656412,-,1
indian solvents and chemicals private limited,6,Address,RSO Mumbai-Executive2,357,Mumbai,110,400029,Executive2,poonamsharma.iscpl@gmail.com,,2284 1178,-,1
Roche Products (India) Pvt. Ltd.,6,Address,RSO Mumbai-Amit Janvalkar,357,Mumbai,110,400029,Amit Janvalkar,anushree.walawalkar@roche.com,,33941414,9820678099,1
Gagangiri Travels,6,Address,RSO Mumbai-Pawan Topkar,357,Mumbai,110,400029,Pawan Topkar,gagangiritravels@gmail.com,,02192-265361,9370262361,1
Edelweiss Securities Ltd,6,Address,RSO Mumbai-Executive2,357,Mumbai,110,400029,Executive2,deepti.sheth@edelcap.com,,40094400,(982) 042-4211,1
Inventurus Knowledge Solutions Pvt. Ltd.,6,Address,RSO Mumbai-Pawan Topkar,357,Mumbai,110,400029,Pawan Topkar,nilesh.sule@inventurus.com,,30711100,9769158212,1
Kedaara Capital Advisors,6,Address,RSO Mumbai-Amit Janvalkar,357,Mumbai,110,400029,Amit Janvalkar,deepali.jogelkar@kedaara.com,,61558000,-,1
Kongsberg Maritime India,6,Address,RSO Mumbai-Pawan Topkar,357,Mumbai,110,400029,Pawan Topkar,viranchi.shah@kongsberg.com,,-,9819193335,1
Lilac Insights,6,Address,RSO Mumbai-Pawan Topkar,357,Mumbai,110,400029,Pawan Topkar,vasudha@lilacinsights.com,,41841438,-,1
L&T Finance Ltd,6,Address,RSO Mumbai-Amit Janvalkar,357,Mumbai,110,400029,Amit Janvalkar,keyurpandya@ltfinance.com,,079-49008900,(982) 409-6880,1
JSW Severfield Structure Ltd,6,Address,RSO Mumbai-Amit Janvalkar,357,Mumbai,110,400029,Amit Janvalkar,kalpesh.doshi@jssl.in,,67317027,-,1
Mirage Entertainment,6,Address,RSO Mumbai-Aditi Kharade,357,Mumbai,110,400029,Aditi Kharade,suman.kumar@mirajgroup.in,,67109172,-,1
Forays Services & Constructions Pvt. Ltd.,6,Address,RSO Mumbai-Pawan Topkar,357,Mumbai,110,400029,Pawan Topkar,balachandrannair@forays.co.in,,27832809,9869076983,1
Saint Gobain Gyproc India Ltd,6,Address,RSO Mumbai-Aditi Kharade,357,Mumbai,110,400029,Aditi Kharade,sandesh.avasare@saint-gobain.com,,-,-,1
Wynn Hospitality,6,Address,RSO Mumbai-Aditi Kharade,357,Mumbai,110,400029,Aditi Kharade,khushboo@wynnh.com,,64561112,9820757566,1
F5 Advertainment.Net,6,Address,RSO Mumbai-Aditi Kharade,357,Mumbai,110,400029,Aditi Kharade,laxmi@f5advertainment.net,,40109130,9833729351,1
JSW Energy Center,6,Address,RSO Mumbai-Amit Janvalkar,357,Mumbai,110,400029,Amit Janvalkar,lovina.gharat@jsw.in,,42862092,9773701262,1
U.O.R. Tours & Travels,6,Address,RSO Mumbai-Aditi Kharade,357,Mumbai,110,400029,Aditi Kharade,uortoursandtravels@gmail.com,,28908447,9819069927,1
Ashapura Travels,6,Address,RSO Mumbai-Aditi Kharade,357,Mumbai,110,400029,Aditi Kharade,ashapuratravels@yahoo.in,,9819674879,9819674879,1
Hari Om Holidays,6,Address,RSO Mumbai-Aditi Kharade,357,Mumbai,110,400029,Aditi Kharade,sales@hariomholidays.co.in,,32096670,8108566670,1
Back Benchers,6,Address,RSO Mumbai-Aditi Kharade,357,Mumbai,110,400029,Aditi Kharade,ankush@backbenchersmgmt.com,,-,9167711979,1
Lord India,6,Address,RSO Mumbai-Aditi Kharade,357,Mumbai,110,400029,Aditi Kharade,sunita.jadhav@lord.com,,61316500,-,1
Kaspersky Lab India,6,Address,RSO Mumbai-Pawan Topkar,357,Mumbai,110,400029,Pawan Topkar,india.info@kaspersky-asia.com,,61992525,-,1
Liberty Videocan,6,Address,RSO Mumbai-Amit Janvalkar,357,Mumbai,110,400029,Amit Janvalkar,travel.desk@libertyvideocon.com,,-,7738352393,1
Arkey Agri Products Brokers pvt. Ltd.,6,Address,RSO Mumbai-Pawan Topkar,357,Mumbai,110,400029,Pawan Topkar,arkeagri@gmail.com,,41225661,-,1
Invensys,6,Address,RSO Mumbai-Pawan Topkar,357,Mumbai,110,400029,Pawan Topkar,nitin.khature@invensys.com,,-,-,1
Lipi Data Systems Ltd.,6,Address,RSO Mumbai-Pawan Topkar,357,Mumbai,110,400029,Pawan Topkar,kshitija.chavan@lipidata.in,,41713030,-,1
Oldendorff Carriers & Co,6,Address,RSO Mumbai-Amit Janvalkar,357,Mumbai,110,400029,Amit Janvalkar,rose.john@oldendorff.com,,67154444,9819802267,1
Akumentis Healthcare Ltd.,6,Address,RSO Mumbai-Pawan Topkar,357,Mumbai,110,400029,Pawan Topkar,pravink@myakumentis.com,,61146000,-,1
Akumentis Healthcare Ltd.,6,Address,RSO Mumbai-Pawan Topkar,357,Mumbai,110,400029,Pawan Topkar,ravindrai@myakumentis.com,,61146000,-,1
Topcon Sokkia,6,Address,RSO Mumbai-Pawan Topkar,357,Mumbai,110,400029,Pawan Topkar,mumbai@topconsokkia.ind.in,,27810051,-,1
Maillefer Extrusion India,6,Address,RSO Mumbai-Pawan Topkar,357,Mumbai,110,400029,Pawan Topkar,mukesh.dave@mallifer.net,,22 4122 6140,-,1
Tata Asset Management,6,Address,RSO Mumbai-Executive2,357,Mumbai,110,400029,Executive2,rsbhalerao@tataamc.com,,-,-,1
DP Architects,6,Address,RSO Mumbai-Executive2,357,Mumbai,110,400029,Executive2,shilpa.darshale@dpa.com.sg,,66510838,-,1
DHFL,6,Address,RSO Mumbai-Amit Janvalkar,357,Mumbai,110,400029,Amit Janvalkar,bookings@dhfl.com,,-,9167911427,1
Balmer Lawrie.,6,Address,RSO Mumbai-Aditi Kharade,357,Mumbai,110,400029,Aditi Kharade,leera@vacationsexotica.com,,022 42143302,9820136658,1
Gujarat Ambuja Exports,6,Address,RSO Mumbai-Executive2,357,Mumbai,110,400029,Executive2,sulakshana@ambujagroup.com,,079-26423316,(987) 960-8802,1
Acer India Pvt. Ltd.,6,Address,RSO Mumbai-Executive2,357,Mumbai,110,400029,Executive2,kanja_shah@acer.co.in,,27491503/04/05,-,1
Hewlett Packard,6,Address,RSO Mumbai-Executive2,357,Mumbai,110,400029,Executive2,iona.james@hp.com,,079- 26569424,(984) 590-5007,1
Ahd. Radio & Mast service,6,Address,RSO Mumbai-Executive2,357,Mumbai,110,400029,Executive2,arms_haresh@yahoo.co.in,,26850530,(987) 900-1370,1
Adlabs,6,Address,RSO Mumbai-Executive2,357,Mumbai,110,400029,Executive2,hemal.patel@adlabsfilms.com,,(932) 719-1797,(932) 719-1797,1
Ahmedabad Steelcraft ltd.,6,Address,RSO Mumbai-Executive2,357,Mumbai,110,400029,Executive2,ascsteelad1@sancharnet.in,,26401996,-,1
Standard Chartered Bank,6,Address,RSO Mumbai-Executive2,357,Mumbai,110,400029,Executive2,krishnanand.gaur@sc.com,,079 – 2646 0793,098795 35596,1
National bank of agriculture and rural development (NABARD),6,Address,RSO Mumbai-Executive2,357,Mumbai,110,400029,Executive2,mathew.philip@nabard.org,,079-27552257,-,1
Gujarat Venture Finance Ltd,6,Address,RSO Mumbai-Executive2,357,Mumbai,110,400029,Executive2,sejal@gvfl.com,,(079) 4021-3900,-,1
Stonex Lightweighblocks,6,Address,RSO Mumbai-Executive2,357,Mumbai,110,400029,Executive2,stonexindustries@gmail.com,,02716-233117,9879052690,1
Gujarat Ambuja Exports,6,Address,RSO Mumbai-Executive2,357,Mumbai,110,400029,Executive2,joseph@ambujagroup.com,,079-26423316,-,1
Bosch Rexoth,6,Address,RSO Mumbai-Executive2,357,Mumbai,110,400029,Executive2,uday.nair@boschrexoth.co.in,,079-66132197,-,1
Ballarpur industries,6,Address,RSO Mumbai-Executive2,357,Mumbai,110,400029,Executive2,ravindra@bilt.com,,079-26400297,9909916097,1
Reliance Retail Ltd.,6,Address,RSO Mumbai-Executive2,357,Mumbai,110,400029,Executive2,sohil.shaikh@ril.com,,079-40072440,(999) 821-2728,1
IDBI Bank,6,Address,RSO Mumbai-Executive2,357,Mumbai,110,400029,Executive2,yeshpal.singh@idbi.co.in,,079-26563911,(960) 135-1956,1
State bank of Travancore,6,Address,RSO Mumbai-Executive2,357,Mumbai,110,400029,Executive2,ahmedabad@sbt.co.in,,079-26569983,(942) 672-0553,1
Jay Chemicals,6,Address,RSO Mumbai-Executive2,357,Mumbai,110,400029,Executive2,devanshishah@jaychemicals.com,,079-26423363,-,1
Sparta Cement,6,Address,RSO Mumbai-Executive2,357,Mumbai,110,400029,Executive2,hr@spartacement.com,,079-26856413,-,1
Toyota,6,Address,RSO Mumbai-Executive2,357,Mumbai,110,400029,Executive2,marketing@infiniumtoyota.in,,-,(960) 128-0955,1
Navneet Publication Ltd.,6,Address,RSO Mumbai-Executive2,357,Mumbai,110,400029,Executive2,mahendrashah@navneet.com,,079-66305003,(987) 900-8500,1
Urban Management Center,6,Address,RSO Mumbai-Executive2,357,Mumbai,110,400029,Executive2,kagnihotri@icma.org,,079-27546403,-,1
Air Arabia,6,Address,RSO Mumbai-Executive2,357,Mumbai,110,400029,Executive2,manoj@airarabia.ind.in,,079-26403804,(990) 901-3927,1
Ingersoll Rand,6,Address,RSO Mumbai-Executive2,357,Mumbai,110,400029,Executive2,seema_shah@irco.com,,079-22847353,(937) 619-5963,1
Centre for enviromnment education,6,Address,RSO Mumbai-Executive2,357,Mumbai,110,400029,Executive2,suresh.babu@ceeindia.org,,079-26844711,-,1
Gajarat Maritime Board,6,Address,RSO Mumbai-Executive2,357,Mumbai,110,400029,Executive2,kks_gmb@yahoo.com,,079-23238346,(992) 515-3019,1
Bosch Rexoth,6,Address,RSO Mumbai-Executive2,357,Mumbai,110,400029,Executive2,johnson@boschrexroth.co.in,,(989) 857-8945,(989) 857-8945,1
B L Lifescience,6,Address,RSO Mumbai-Executive2,357,Mumbai,110,400029,Executive2,ahmd@bllifescience.com,,079-30424400,(942) 704-8052,1
AIDMA,6,Address,RSO Mumbai-Executive2,357,Mumbai,110,400029,Executive2,bestteam@aidmi.org,,-,(990) 992-5892,1
Carl Zeiss Ltd.,6,Address,RSO Mumbai-Executive2,357,Mumbai,110,400029,Executive2,teena@zeiss.co.in,,079-26578220,-,1
Philips Medical system Ltd.,6,Address,RSO Mumbai-Executive2,357,Mumbai,110,400029,Executive2,pms.ahmedabad@philips.com,,079-27540708,9825556276,1
National bank of agriculture and rural development (NABARD),6,Address,RSO Mumbai-Executive2,357,Mumbai,110,400029,Executive2,mathew.philip@nabard.org,,079-27552257,9426518351,1
alcatel-lucent,6,Address,RSO Mumbai-Executive2,357,Mumbai,110,400029,Executive2,chandresh.dodiya@alcatel-lucent.in,,079-26403864,(987) 902-6407,1
C & S electric,6,Address,RSO Mumbai-Executive2,357,Mumbai,110,400029,Executive2,vishwam.hathi@cscelectric.co.in,,079-30074512,(982) 403-3325,1
Larsen & Toubro (ECC),6,Address,RSO Mumbai-Executive2,357,Mumbai,110,400029,Executive2,jbacharya@intecc.com,,-,9879511265,1
Engineers India Ltd.,6,Address,RSO Mumbai-Executive2,357,Mumbai,110,400029,Executive2,tsnandaeilahmd@yahoo.co.in,,(079) 268-7975,(982) 568-6336,1
Bajaj Allianz,6,Address,RSO Mumbai-Executive2,357,Mumbai,110,400029,Executive2,neha.barot@bajajallianz.co.in,,079-40075894,(997) 401-1955,1
VCC Infrastructure,6,Address,RSO Mumbai-Executive2,357,Mumbai,110,400029,Executive2,shitanshu.chhajed@vccinfra.com,,-,9998402525,1
Adarsh Co-operative bank,6,Address,RSO Mumbai-Executive2,357,Mumbai,110,400029,Executive2,raviarora1981@gmail.com,,079-27561712,941452425,1
Axis Bank,6,Address,RSO Mumbai-Executive2,357,Mumbai,110,400029,Executive2,cynthia.corderio@axisbank.com,,079-66306102,-,1
Hind Freight Service Ltd.,6,Address,RSO Mumbai-Executive2,357,Mumbai,110,400029,Executive2,tiwari@hindfreight.com,,079-66133500,(999) 819-8744,1
Etisalat,6,Address,RSO Mumbai-Executive2,357,Mumbai,110,400029,Executive2,npatel@etisalat.in,,079-32446323,(909) 996-8877,1
Bumaco Events,6,Address,RSO Mumbai-Aditi Kharade,357,Mumbai,110,400029,Aditi Kharade,bumacoevents@yahoo.com,,(982) 500-7020,-,1
Kriloskar Electric Co.,6,Address,RSO Mumbai-Executive2,357,Mumbai,110,400029,Executive2,sns@ahd.vrkec.com,,079-27541428,(990) 991-6873,1
Ashok Leyland,6,Address,RSO Mumbai-Executive2,357,Mumbai,110,400029,Executive2,abhatt.almdel@ashokleyland.com,,079-26427683,-,1
The Shubbh Collection,6,Address,RSO Mumbai-Executive2,357,Mumbai,110,400029,Executive2,vaibhav.tondon@shubhcollection.com,,079-30070573,-,1
IL & FS Investment,6,Address,RSO Mumbai-Executive2,357,Mumbai,110,400029,Executive2,akash.narayan@investmentindia.com,,079-30072000,(932) 801-7411,1
ECGC,6,Address,RSO Mumbai-Executive2,357,Mumbai,110,400029,Executive2,ahmedabad@ecgc.in,,079-27544499,966200819,1
Reserve Bank OF India,6,Address,RSO Mumbai-Executive2,357,Mumbai,110,400029,Executive2,mhbhagdev@rbi.org.in,,079-27542216,(990) 991-0398,1
Haresh Acids & Chemicals Pvt.,6,Address,RSO Mumbai-Executive2,357,Mumbai,110,400029,Executive2,hareshacids@yahoo.com,,079-25732681,(982) 504-8121,1
Amadaeus,6,Address,RSO Mumbai-Executive2,357,Mumbai,110,400029,Executive2,kbanushali@amadeus.in,,079-26440372,-,1
Fisher Scientific,6,Address,RSO Mumbai-Executive2,357,Mumbai,110,400029,Executive2,sumanta.mund@thermofisher.com,,2718261245,(982) 504-1774,1
Easyway,6,Address,RSO Mumbai-Aditi Kharade,357,Mumbai,110,400029,Aditi Kharade,easyway.travelguide@gmail.com,,(989) 808-4469,(989) 808-4469,1
Good Year,6,Address,RSO Mumbai-Executive2,357,Mumbai,110,400029,Executive2,prabhat_kumar@goodyear.com,,079-25601485,(992) 501-4983,1
Nishant Marketing,6,Address,RSO Mumbai-Executive2,357,Mumbai,110,400029,Executive2,nishanmkt@yahoo.co.in,,079-26873501/2/3,9377888801,1
Chemey Marketing,6,Address,RSO Mumbai-Executive2,357,Mumbai,110,400029,Executive2,sales@chemey.com,,079-26420786,(997) 405-6703,1
Yash Engineering,6,Address,RSO Mumbai-Executive2,357,Mumbai,110,400029,Executive2,krishnanshah@yahoo.com,,079-22747268,-,1
Reserve Bank OF India,6,Address,RSO Mumbai-Executive2,357,Mumbai,110,400029,Executive2,nbpanda@rbi.org.in,,079-27542216,9825083147,1
Greendiamz,6,Address,RSO Mumbai-Executive2,357,Mumbai,110,400029,Executive2,champat@greendiam.com,,079-26408801,9879563760,1
IFB Industries Ltd.,6,Address,RSO Mumbai-Executive2,357,Mumbai,110,400029,Executive2,ahmedabad_sales@ifbglobal.com,,079-30189466,(937) 617-2429,1
Ielts Australia,6,Address,RSO Mumbai-Executive2,357,Mumbai,110,400029,Executive2,info@ieltsindia.com,,02712 6540242,0 937683302,1
BASF INDIA LIMITED,6,Address,RSO Mumbai-Executive2,357,Mumbai,110,400029,Executive2,devang.gajab@basf.com,,079 26583074,0 9998017335,1
BMT CONSULTANT INDIA PVT LTD,6,Address,RSO Mumbai-Executive2,357,Mumbai,110,400029,Executive2,bindiya.popat@bmtindia.org,,079 40028708,982505144,1
Canam Consultants,6,Address,RSO Mumbai-Executive2,357,Mumbai,110,400029,Executive2,canahmedaba@canamgroup.com,,079 26403314,079 30617886,1
ENGINEERING & AGENCIES PVT LTD,6,Address,RSO Mumbai-Executive2,357,Mumbai,110,400029,Executive2,mjjoshi@enaindia.com,,079 22744500,079-22744500,1
Gail,6,Address,RSO Mumbai-Executive2,357,Mumbai,110,400029,Executive2,gpa01194@gail.co.in,,079 26586692,-,1
Gujrat Narmada Valley Fertili,6,Address,RSO Mumbai-Executive2,357,Mumbai,110,400029,Executive2,maheshpatel@gnvfc.com,,079 26430819,-,1
Ingersoll Rand India Ltd,6,Address,RSO Mumbai-Executive2,357,Mumbai,110,400029,Executive2,anup_kuti@irco.com,,079 22820323,079 22820123,1
Intellicon Pvt. Ltd.,6,Address,RSO Mumbai-Executive2,357,Mumbai,110,400029,Executive2,kamleshg@intellicon.in,,079 30013333,0 9374079789,1
London Infotech,6,Address,RSO Mumbai-Executive2,357,Mumbai,110,400029,Executive2,hr@londonites.com,,079 40027084,0794 0027084,1
Nokia India Pvt. Ltd.,6,Address,RSO Mumbai-Executive2,357,Mumbai,110,400029,Executive2,ext-malay.jikar@nokia.com,,079 66317501,0 9824477672,1
Nova Petrochemicals Ltd.,6,Address,RSO Mumbai-Executive2,357,Mumbai,110,400029,Executive2,hrd@novapetro.com,,"079 27172505, 50",-,1
Trumac Engineering Co Ltd.,6,Address,RSO Mumbai-Executive2,357,Mumbai,110,400029,Executive2,npbhatt@trumacin.com,,079 27510608,079 30411102,1
Centurion Bank,6,Address,RSO Mumbai-Executive2,357,Mumbai,110,400029,Executive2,kamalman@centurionbank.com,,079 26563331,-,1
Engg.Agencies,6,Address,RSO Mumbai-Executive2,357,Mumbai,110,400029,Executive2,mjjoshi@enaindia.com,,079-22740925,-,1
HEWLETT PACKARD INDIA,6,Address,RSO Mumbai-Executive2,357,Mumbai,110,400029,Executive2,prahlad.solanki@hp.com,,079-27910257,-,1
ICICI Lombard,6,Address,RSO Mumbai-Executive2,357,Mumbai,110,400029,Executive2,naveen.das@icicilombard.com,,079 26470065,-,1
Idea,6,Address,RSO Mumbai-Executive2,357,Mumbai,110,400029,Executive2,stella.panchal@idea.adityabirla.com,,0 9824004105,-,1
Mann Projects,6,Address,RSO Mumbai-Executive2,357,Mumbai,110,400029,Executive2,manish@maanprojects.com,,079-40032205,(982) 409-3140,1
I T Globe India,6,Address,RSO Mumbai-Executive2,357,Mumbai,110,400029,Executive2,kashyap@itglobe.com,,079-26751802,(989) 822-1043,1
Gujarat Chamber of commerce & Industry,6,Address,RSO Mumbai-Executive2,357,Mumbai,110,400029,Executive2,urvish@gujaratchamber.org,,079-26582301,(990) 971-7311,1
Montecarlo,6,Address,RSO Mumbai-Executive2,357,Mumbai,110,400029,Executive2,hr@montecarloconstruction.com,,(079) 264-0933,-,1
Siemens,6,Address,RSO Mumbai-Executive2,357,Mumbai,110,400029,Executive2,kbiomed@egujarat.net,,079-27546420,-,1
The Tinplate company of india Ltd.,6,Address,RSO Mumbai-Executive2,357,Mumbai,110,400029,Executive2,sujoy.sengupta@tatatinplate.com,,079-66316103,(992) 479-9002,1
Suraj Stainless,6,Address,RSO Mumbai-Executive2,357,Mumbai,110,400029,Executive2,export@surajgroup.com,,079-27540720,-,1
CMS Info Systems,6,Address,RSO Mumbai-Executive2,357,Mumbai,110,400029,Executive2,ahmedabad_admn@cms.com,,079-40221221,(937) 701-7222,1
Saumya Technocrates,6,Address,RSO Mumbai-Executive2,357,Mumbai,110,400029,Executive2,indra_spectra@yahoo.com,,079-22970976,(982) 519-2769,1
Universal Power,6,Address,RSO Mumbai-Executive2,357,Mumbai,110,400029,Executive2,arpit@upt.in,,079-32415559,(999) 802-6108,1
Overseas Polymers,6,Address,RSO Mumbai-Executive2,357,Mumbai,110,400029,Executive2,amehta@vinmar.com,,079-40056194,9558820820,1
Guajart Gas,6,Address,RSO Mumbai-Executive2,357,Mumbai,110,400029,Executive2,rajeev.christian@gujaratgas.com,,(079) 264-2980,(971) 474-3099,1
Armour Electronics,6,Address,RSO Mumbai-Executive2,357,Mumbai,110,400029,Executive2,armourindia@dataone.in,,079-25842111,(982) 503-7288,1
Kiri Dyes & Chemicals,6,Address,RSO Mumbai-Executive2,357,Mumbai,110,400029,Executive2,neelima@kiridyes.com,,079-25894477,(987) 955-5937,1
Guajrat State non- Resident Gujaratis Foundation,6,Address,RSO Mumbai-Executive2,357,Mumbai,110,400029,Executive2,nrgcenter@hotmail.com,,-,(982) 502-6780,1
Labtronik,6,Address,RSO Mumbai-Executive2,357,Mumbai,110,400029,Executive2,sandip@labtrnik.com,,079-26588565,(982) 401-4320,1
Gujarat Ambuja Exports,6,Address,RSO Mumbai-Executive2,357,Mumbai,110,400029,Executive2,ashutosh@ambujagroup.com,,079-26423316,(909) 925-1515,1
Care India (Gujarat),6,Address,RSO Mumbai-Executive2,357,Mumbai,110,400029,Executive2,dreju@careindia.org,,079-27494811,(989) 812-1876,1
Quintiles Research,6,Address,RSO Mumbai-Executive2,357,Mumbai,110,400029,Executive2,tanya.bapodra@quintiles.com,,079-66303316,-,1
carrier airconditioning & refrigeration ltd.,6,Address,RSO Mumbai-Executive2,357,Mumbai,110,400029,Executive2,rasik.panchal@carrier.utc.com,,079-27490444,(987) 952-5646,1
Bajaj Allianz,6,Address,RSO Mumbai-Executive2,357,Mumbai,110,400029,Executive2,amit.arora022@balic.in,,079-40075894,9601603601,1
Sulzon energy,6,Address,RSO Mumbai-Executive2,357,Mumbai,110,400029,Executive2,prashant.mahulkar@suzlon.com,,079-26471100,-,1
Allahabad Bank,6,Address,RSO Mumbai-Executive2,357,Mumbai,110,400029,Executive2,allaspnagar@rediffmail.com,,079-26460354,(991) 339-8900,1
IDBI Bank,6,Address,RSO Mumbai-Executive2,357,Mumbai,110,400029,Executive2,mj.trivedi@idbi.co.in,,079-26563911,-,1
e Infochips,6,Address,RSO Mumbai-Executive2,357,Mumbai,110,400029,Executive2,kamini.sathwara@einfochips.com,,079-26563705,(972) 507-0202,1
National Institute Of design,6,Address,RSO Mumbai-Executive2,357,Mumbai,110,400029,Executive2,supriya@nid.edu,,079-26623692,(987) 903-4759,1
Metso Minerals,6,Address,RSO Mumbai-Executive2,357,Mumbai,110,400029,Executive2,pragnesh.sojitra@metso.com,,079-30260400,9909910835,1
Inflibnet,6,Address,RSO Mumbai-Executive2,357,Mumbai,110,400029,Executive2,ckshah@inflinet.ac.in,,079-26308528,(982) 407-3380,1
Aircel Business Solution,6,Address,RSO Mumbai-Executive2,357,Mumbai,110,400029,Executive2,gmsenthil.gurumoan@aircel.co.in,,079-65133001,(989) 805-9355,1
C & S electric,6,Address,RSO Mumbai-Executive2,357,Mumbai,110,400029,Executive2,ahmedabad@cselectric.co.in,,079-30074512,(982) 528-5288,1
Calyon Bank,6,Address,RSO Mumbai-Executive2,357,Mumbai,110,400029,Executive2,amit.somani@caylon.com,,079-66121099,-,1
Iris Pharma (Citrochem),6,Address,RSO Mumbai-Executive2,357,Mumbai,110,400029,Executive2,rajesh@irispharma.com,,079-65454600,(992) 500-9825,1
Anar Chemicals Industries,6,Address,RSO Mumbai-Executive2,357,Mumbai,110,400029,Executive2,info@anarchem.com,,079-25630202,-,1
B V Patel Center (PERD),6,Address,RSO Mumbai-Executive2,357,Mumbai,110,400029,Executive2,perd@perdcenter.com,,079-27439375,(942) 930-6274,1
Deloittte Haskins & sells,6,Address,RSO Mumbai-Executive2,357,Mumbai,110,400029,Executive2,atdesai@deloitte.com,,079-66073152,(997) 882-2477,1
Cambata Aviation,6,Address,RSO Mumbai-Executive2,357,Mumbai,110,400029,Executive2,jrathod@cambataavia.com,,079-22858082,9824030619,1
Resil Chemicals,6,Address,RSO Mumbai-Executive2,357,Mumbai,110,400029,Executive2,akhil@resil.com,,079-40069124,9099920251,1
Marks & Spencer,6,Address,RSO Mumbai-Executive2,357,Mumbai,110,400029,Executive2,mnsadm@marks-and-spencer.in,,079-40026203,(937) 621-2113,1
Graviton labs,6,Address,RSO Mumbai-Executive2,357,Mumbai,110,400029,Executive2,jogi@gravitonlabs.co.in,,079-65133034,(982) 532-5854,1
TT Service,6,Address,RSO Mumbai-Executive2,357,Mumbai,110,400029,Executive2,australiaahmedabad@ttepl.com,,079-40047737,-,1
BNP Paribas,6,Address,RSO Mumbai-Executive2,357,Mumbai,110,400029,Executive2,atif.chinwala@asia.bnpparibas.com,,079-26579880,-,1
Western Retra-Cast,6,Address,RSO Mumbai-Executive2,357,Mumbai,110,400029,Executive2,refracast@gmail.com,,079-25842289,9824029278,1
Crompton Greaves,6,Address,RSO Mumbai-Executive2,357,Mumbai,110,400029,Executive2,nirav.shah@cgl.co.in,,079-40012000,(990) 990-9256,1
Indian Steel Corporation,6,Address,RSO Mumbai-Executive2,357,Mumbai,110,400029,Executive2,jshah58@redifmail.com,,079-30074311,(982) 401-4519,1
Saurashtra Fuels Ltd.,6,Address,RSO Mumbai-Executive2,357,Mumbai,110,400029,Executive2,hrd@saurashtracorp.com,,079-26872647,-,1
Omam Consultants Service Pvt Ltd,6,Address,RSO Mumbai-Executive2,357,Mumbai,110,400029,Executive2,ahmedabad@omamservice.com,,079-26566375,(982) 501-0556,1
Indian Bank,6,Address,RSO Mumbai-Executive2,357,Mumbai,110,400029,Executive2,ahmedabadadmain@indianbank.co.in,,079-25504612,(942) 730-3296,1
Syndicate Bank,6,Address,RSO Mumbai-Executive2,357,Mumbai,110,400029,Executive2,kvs261555@yahoo.com,,079-26589082,(942) 731-4755,1
Rational Management Services,6,Address,RSO Mumbai-Executive2,357,Mumbai,110,400029,Executive2,rational_2511@yahoo.co.im,,079-66052947,(927) 686-4279,1
Qatar Petrochemicals,6,Address,RSO Mumbai-Executive2,357,Mumbai,110,400029,Executive2,kinjalshah@qapco.com.qa,,079-65132718,-,1
Reliance Retail Ltd.,6,Address,RSO Mumbai-Executive2,357,Mumbai,110,400029,Executive2,zubin.nowrojee@ril.com,,2244770000,(998) 770-1383,1
Team Lease Services Pvt. Ltd.,6,Address,RSO Mumbai-Executive2,357,Mumbai,110,400029,Executive2,harsh@teamlease.com,,079 30453000,+91 9925034546,1
Leapfrog ventures International Trade,6,Address,RSO Mumbai-Executive2,357,Mumbai,110,400029,Executive2,parag@vakharia.net,,079-26462656,9824010029,1
Navjivan Machinery & Exporters,6,Address,RSO Mumbai-Executive2,357,Mumbai,110,400029,Executive2,exports@navjivanexporters.com,,079-25622453,-,1
State bank of Hyderabad,6,Address,RSO Mumbai-Executive2,357,Mumbai,110,400029,Executive2,phulsur@gmail.com,,079-27540597,(942) 706-3944,1
Sandvik Asia,6,Address,RSO Mumbai-Executive2,357,Mumbai,110,400029,Executive2,flavia.pinto@sandvik.com,,02764-661000,(990) 903-5809,1
Aqua Pro,6,Address,RSO Mumbai-Executive2,357,Mumbai,110,400029,Executive2,aquaro04@yahoo.com,,079-26750306,(982) 407-3667,1
Gujarat Chamber of commerce & Industry,6,Address,RSO Mumbai-Executive2,357,Mumbai,110,400029,Executive2,gujaratchamber@gmail.com,,079-26582301,(989) 899-4646,1
Gujarat Venture Finance Ltd,6,Address,RSO Mumbai-Executive2,357,Mumbai,110,400029,Executive2,smitha@gvfl.com,,(079) 4021-3900,-,1
Ramco Industries,6,Address,RSO Mumbai-Executive2,357,Mumbai,110,400029,Executive2,rkh@ril.co.in,,079-27540341,(987) 953-6371,1
Motilal Oswal Securities,6,Address,RSO Mumbai-Executive2,357,Mumbai,110,400029,Executive2,rajneesh.jalora@motilaloswal.com,,079-30078120,(990) 994-8100,1
Educational Initiatives,6,Address,RSO Mumbai-Executive2,357,Mumbai,110,400029,Executive2,info@ei-india.com,,079-32906224,-,1
SME-Connect,6,Address,RSO Mumbai-Executive2,357,Mumbai,110,400029,Executive2,gswaika@smera.in,,079-32204708,9327112885,1
PSL Modular,6,Address,RSO Mumbai-Executive2,357,Mumbai,110,400029,Executive2,p_dastur@pslmodular.com,,079-25626627,9909013682,1
Cholamandalam MS,6,Address,RSO Mumbai-Executive2,357,Mumbai,110,400029,Executive2,sethiak@cholams.murugappa.com,,079-9909040330,9909040330,1
Rotofilt Engineers Ltd.,6,Address,RSO Mumbai-Executive2,357,Mumbai,110,400029,Executive2,rotofilt@rotofilt.com,,079-25899607,(932) 701-4114,1
Advos Business Solution,6,Address,RSO Mumbai-Executive2,357,Mumbai,110,400029,Executive2,jay.advos@gmail.com,,-,(989) 854-4826,1
Vir Veneer,6,Address,RSO Mumbai-Executive2,357,Mumbai,110,400029,Executive2,nitin@virveneer.com,,079-40061752,(982) 512-7407,1
Nelito System Ltd.,6,Address,RSO Mumbai-Executive2,357,Mumbai,110,400029,Executive2,jani@nelito.com,,079-32938321,9374605088,1
Corporation Bank Of India,6,Address,RSO Mumbai-Executive2,357,Mumbai,110,400029,Executive2,sivdasan@yahoo.com,,(989) 855-0144,(942) 650-7395,1
WNS,6,Address,RSO Mumbai-Aditi Kharade,357,Mumbai,110,400029,Aditi Kharade,suhas.phadtare@wns.com,,2241217070,(993) 079-7373,1
RIGHT CONTROL INSTRUMENT,6,Address,RSO Mumbai-Pawan Topkar,357,Mumbai,110,400029,Pawan Topkar,rajesh.baviskar@rightcontrol.in,,65213265,98204420654,1
MICRO BELTS AND TYRES PVT. LTD.,6,Address,RSO Mumbai-Aditi Kharade,357,Mumbai,110,400029,Aditi Kharade,micro@vsnl.com,,9.13E+11,9.19E+11,1
Getz Pharma Research Pvt Ltd,6,Address,RSO Mumbai-Aditi Kharade,357,Mumbai,110,400029,Aditi Kharade,reena@getzpharmaresearch.com,,(922) 368-7800,(932) 494-0287,1
DSM Nutritional Products India Pvt Ltd,6,Address,RSO Mumbai-Aditi Kharade,357,Mumbai,110,400029,Aditi Kharade,leena.yadav@dsm.com,,2516484021,(992) 083-6264,1
Getz Pharma Research Pvt Ltd,6,Address,RSO Mumbai-Aditi Kharade,357,Mumbai,110,400029,Aditi Kharade,vikram.chavan@getzpharmaresearch.com,,-,9167256009,1
HEURTEY PETROCHEM INDIA PRIVATE LIMITED,6,Address,RSO Mumbai-Executive2,357,Mumbai,110,400029,Executive2,sarada.iyer@heurty.in,,022 67740099,-,1
Volvo Group India PVt. Ltd - West Region.,6,Address,RSO Mumbai-Aditi Kharade,357,Mumbai,110,400029,Aditi Kharade,anupam.ghosh@consultant.volvo.com,,22228345020,9967995000,1
HAFELE,6,Address,RSO Mumbai-Aditi Kharade,357,Mumbai,110,400029,Aditi Kharade,tania.banerjee@hafeleindia.com,,022 6695 0920,-,1
Think India Hospitality Solutions Pvt.Ltd,6,Address,RSO Mumbai-Aditi Kharade,357,Mumbai,110,400029,Aditi Kharade,radha.solanki@thinkindia.co.in,,26743385,9820276068,1
Think India Hospitality Solutions Pvt.Ltd,6,Address,RSO Mumbai-Aditi Kharade,357,Mumbai,110,400029,Aditi Kharade,mihir.shah@thinkindia.co.in,,26743385,-,1
Microworld Software Services Pvt. Ltd.- Escan,6,Address,RSO Mumbai-Aditi Kharade,357,Mumbai,110,400029,Aditi Kharade,suvarna@escanav.com,,022-6772 2964,-,1
Fuji Electric India Pvt. Ltd,6,Address,RSO Mumbai-Executive2,357,Mumbai,110,400029,Executive2,sneha-gawde@fein.fujielectric.com,,022-4010 4870,8879647683,1
Ordain Health Care Global Pvt. Ltd.,6,Address,RSO Mumbai-Executive2,357,Mumbai,110,400029,Executive2,kashmira@exeltis.com,,022 - 4006 5088,-,1
Dextra India,6,Address,RSO Mumbai-Executive2,357,Mumbai,110,400029,Executive2,sverma@dextragroup.com,,2240104870,91 6722 0428,1
Nippon Express (India) Private Limited Mumbai Branch,6,Address,RSO Mumbai-Aditi Kharade,357,Mumbai,110,400029,Aditi Kharade,milind.sawant@mittsu.co.in,,022 40647888,-,1
CLP India Private Limited,6,Address,RSO Mumbai-Executive2,357,Mumbai,110,400029,Executive2,lalitha@clpindia.in,,022-6758 8888,9967964068,1
OMRON Automation Pvt. Ltd,6,Address,RSO Mumbai-Aditi Kharade,357,Mumbai,110,400029,Aditi Kharade,milindg@ap.omron.com,,2271288400,8879618681,1
Wuerth India Pvt.Ltd,6,Address,RSO Mumbai-Pawan Topkar,357,Mumbai,110,400029,Pawan Topkar,marketing@wuerthindia.com,,+91-22-6517 0334,9892566011,1
bestseller.com- Mumbai Office,6,Address,RSO Mumbai-Aditi Kharade,357,Mumbai,110,400029,Aditi Kharade,vishal.patil@bestseller.com,,2266489290,7045682043,1
Miracalus Pharma Pvt. Ltd,6,Address,RSO Mumbai-Aditi Kharade,357,Mumbai,110,400029,Aditi Kharade,ankita.saraf@miracalus.com,,2242142734,9769495182,1
Rina Services India Pvt. Ltd- India Energy Hub,6,Address,RSO Mumbai-Aditi Kharade,357,Mumbai,110,400029,Aditi Kharade,n_nampillai@rina.org,,022 61113333,022-61113395,1
Monsanto Chemicals India Ltd,6,Address,RSO Mumbai-Executive2,357,Mumbai,110,400029,Executive2,leena.saldanha@monsanto.com,,"022-28246450,",-,1
bestseller.com- Mumbai Office,6,Address,RSO Mumbai-Aditi Kharade,357,Mumbai,110,400029,Aditi Kharade,udaychandra.kamath@bestseller.com,,2266489290,7506364449,1
D-Link ( India) Limited.,6,Address,RSO Mumbai-Executive2,357,Mumbai,110,400029,Executive2,usha.kumthekar@in.dlink.com,,2229215700,-,1
Wuerth India Pvt.Ltd,6,Address,RSO Mumbai-Pawan Topkar,357,Mumbai,110,400029,Pawan Topkar,wuerth.mumbai@wuerthindia.com,,+91-22-6517 0334,-,1
Blue Coat System India Pvt ltd,6,Address,RSO Mumbai-Aditi Kharade,357,Mumbai,110,400029,Aditi Kharade,supriya.kalamkar@bluecoat.com,,61278377,9930271958,1
Knot Married,6,Address,RSO Mumbai-Aditi Kharade,357,Mumbai,110,400029,Aditi Kharade,prerna.agarwal@knotmarried.in,,-,9823847867,1
Volkswagen Group Sales India Private Limited (Corporate Office),6,Address,RSO Mumbai-Aditi Kharade,357,Mumbai,110,400029,Aditi Kharade,masuma.kathawala@volkswagen.co.in,,022-33137000,9820779661,1
INNOPATH,6,Address,RSO Mumbai-Executive2,357,Mumbai,110,400029,Executive2,schinta@innopath.com,,-,91 9220815710,1
HUAWEI TELECOMMUNICATIONS,6,Address,RSO Mumbai-Executive2,357,Mumbai,110,400029,Executive2,abhishek.malhotra@huawei.com,,022 30620808,(986) 797-6968,1
HUAWEI TELECOMMUNICATIONS,6,Address,RSO Mumbai-Executive2,357,Mumbai,110,400029,Executive2,smogal@huawei.com,,022 30620808,91 9967579161,1
Smollan India Pvt. Ltd.,6,Address,RSO Mumbai-Pawan Topkar,357,Mumbai,110,400029,Pawan Topkar,purvee.chavan@smollan.co.in,,2239662502,-,1
Hindustan Field Services Pvt Ltd,6,Address,RSO Mumbai-Pawan Topkar,357,Mumbai,110,400029,Pawan Topkar,jigar.maishari@smollan.co.in,,-,7738814965,1
HAW PAR (INDIA) PVT LTD,6,Address,RSO Mumbai-Aditi Kharade,357,Mumbai,110,400029,Aditi Kharade,amoldusane@hph.hawpar.com,,022-67417060,9819421241,1
Lumenis,6,Address,RSO Mumbai-Aditi Kharade,357,Mumbai,110,400029,Aditi Kharade,fazal.khan@lumenis.com,,022 66178038,0 9322276884,1
tikona digital networks,6,Address,RSO Mumbai-Aditi Kharade,357,Mumbai,110,400029,Aditi Kharade,subodh.nadkarni@tikona.in,,91 22 6784 0000,91 9820659777,1
Lumenis,6,Address,RSO Mumbai-Aditi Kharade,357,Mumbai,110,400029,Aditi Kharade,novel@vsnl.com,,022 66178038,(982) 003-1053,1
tikona digital networks,6,Address,RSO Mumbai-Aditi Kharade,357,Mumbai,110,400029,Aditi Kharade,vaishali.sequeira@tikona.in,,91 22 6784 0000,-,1
Samsung India Electronics Pvt. Ltd.,6,Address,RSO Mumbai-Amit Janvalkar,357,Mumbai,110,400029,Amit Janvalkar,nimish.c@samsung.com,,02266772000-10,9833287387,1
Vashi Electrical Pvt. Ltd.,6,Address,RSO Mumbai-Aditi Kharade,357,Mumbai,110,400029,Aditi Kharade,chandan.singh@vashielectricals.com,,+91 2522 661600,8805939873,1
Amazon.In,6,Address,RSO Mumbai-Aditi Kharade,357,Mumbai,110,400029,Aditi Kharade,vrijeshj@amazon.com,,-,8879787877,1
global wool alliance pvt.ltd,6,Address,RSO Mumbai-Aditi Kharade,357,Mumbai,110,400029,Aditi Kharade,vivek.mehta@globalwoolalliance.com,,2522270095,-,1
Mitsubishi Heavy Industries india Pvt Ltd,6,Address,RSO Mumbai-Amit Janvalkar,357,Mumbai,110,400029,Amit Janvalkar,navendra_singh@mhii.mhii.co.jo,,30681823,9987564050,1
Paramount Holidays,6,Address,RSO Mumbai-Aditi Kharade,357,Mumbai,110,400029,Aditi Kharade,rajasthan@paramountmail.in,,28879996,9833934485,1
Paramount Holidays,6,Address,RSO Mumbai-Aditi Kharade,357,Mumbai,110,400029,Aditi Kharade,mah@mystichimachal.com,,28879996,9820729853,1
Paramount Holidays,6,Address,RSO Mumbai-Aditi Kharade,357,Mumbai,110,400029,Aditi Kharade,destinationandaman@gmail.com,,28879996,9833934483,1
Paramount Holidays,6,Address,RSO Mumbai-Aditi Kharade,357,Mumbai,110,400029,Aditi Kharade,pravin.singh@paramountholidays.com,,28879996,9833477166,1
Paramount Holidays,6,Address,RSO Mumbai-Aditi Kharade,357,Mumbai,110,400029,Aditi Kharade,hemal@paramountmail.in,,28879996,9833934488,1
Caliber Shipping,6,Address,RSO Mumbai-Executive2,357,Mumbai,110,400029,Executive2,calibership@vsnl.net,,27566680,(932) 222-5444,1
Caliber Shipping,6,Address,RSO Mumbai-Executive2,357,Mumbai,110,400029,Executive2,calibership@vsnl.net,,022 27566680,-,1
Citec Engineering India Pvt. Ltd.,6,Address,RSO Mumbai-Pawan Topkar,357,Mumbai,110,400029,Pawan Topkar,richard.ellie@clte-india.com,,022 6468 0200,91 9820782022,1
V TRANS (INDIA) LIMITED,6,Address,RSO Mumbai-Pawan Topkar,357,Mumbai,110,400029,Pawan Topkar,secretarymd@vtransgroup.com,,2225220423,2267369999,1
COMMTEL,6,Address,RSO Mumbai-Executive2,357,Mumbai,110,400029,Executive2,spandey@commtelnetworks.com,,022 25201210,(982) 012-9856,1
TATA POWER,6,Address,RSO Mumbai-Executive2,357,Mumbai,110,400029,Executive2,hjgurung@tpc.co.in,,022 67175925,(922) 326-7398,1
Abbott India Limited,6,Address,RSO Mumbai-Aditi Kharade,357,Mumbai,110,400029,Aditi Kharade,satya.sundaresan@abbott.com,,67978855,(982) 094-8040,1
SOVEREIGN TECH,6,Address,RSO Mumbai-Executive2,357,Mumbai,110,400029,Executive2,raja@sovereigntechindia.com,,022 67973259,-,1
UASC,6,Address,RSO Mumbai-Executive2,357,Mumbai,110,400029,Executive2,priscilla.dsouza@uase.net,,022 67978000,-,1
PETRON GROUP,6,Address,RSO Mumbai-Executive2,357,Mumbai,110,400029,Executive2,arvinddabar@gmail.com,,022 67973501,(982) 132-1733,1
Abbott India Limited,6,Address,RSO Mumbai-Aditi Kharade,357,Mumbai,110,400029,Aditi Kharade,devavrat.desai@abbott.com,,67978855,-,1
PETRON GROUP,6,Address,RSO Mumbai-Executive2,357,Mumbai,110,400029,Executive2,gopinathanm@petronengineering.com,,022 67973501,(996) 919-1370,1
Ascent Designs PVT Ltd,6,Address,RSO Mumbai-Aditi Kharade,357,Mumbai,110,400029,Aditi Kharade,chaitra_ent@eth.net,,022 - 2405 5157,(982) 121-2450,1
V Ships India,6,Address,RSO Mumbai-Amit Janvalkar,357,Mumbai,110,400029,Amit Janvalkar,ryan.anes@vship.com,,40013300,-,1
V Ships India,6,Address,RSO Mumbai-Amit Janvalkar,357,Mumbai,110,400029,Amit Janvalkar,marshal.verma@vship.com,,40013300,-,1
Perrigo API India Pvt. Ltd.,6,Address,RSO Mumbai-Executive2,357,Mumbai,110,400029,Executive2,amol.velankar@perrigo.com,,-,7720044536,1
Perrigo API India Pvt. Ltd.,6,Address,RSO Mumbai-Executive2,357,Mumbai,110,400029,Executive2,sadanand.bhatawadekar@perrigo.com,,-,8888867914,1
Aegis Logistics Limited,6,Address,RSO Mumbai-Amit Janvalkar,357,Mumbai,110,400029,Amit Janvalkar,jatin.pandya@aegisindia.com,,91 22 6666 3666/6666 3641,9987254966,1
Aegis Logistics Limited,6,Address,RSO Mumbai-Amit Janvalkar,357,Mumbai,110,400029,Amit Janvalkar,hoadmin@aegisindia.com,,91 22 6666 3666/6666 3641,-,1
Aegis Logistics Limited,6,Address,RSO Mumbai-Amit Janvalkar,357,Mumbai,110,400029,Amit Janvalkar,girish.gurkhe@aegisindia.com,,91 22 6666 3666/6666 3641,-,1
Gujarat Maritime Board,6,Address,RSO Mumbai-Executive2,357,Mumbai,110,400029,Executive2,kks_gmb@yahoo.com,,079-23220284,925153019,1
Roop Telsonic Ultrasonic,6,Address,RSO Mumbai-Executive2,357,Mumbai,110,400029,Executive2,vibha@rooptelsonic.com,,079-23287452,-,1
IFFCO,6,Address,RSO Mumbai-Executive2,357,Mumbai,110,400029,Executive2,raambwnu@iffco.nic.in,,02764-221171,(942) 672-5505,1
UNICEF,6,Address,RSO Mumbai-Executive2,357,Mumbai,110,400029,Executive2,bpatel@uniecf.org,,079-23225366,-,1
I.C.I.C.I.,6,Address,RSO Mumbai-Executive2,357,Mumbai,110,400029,Executive2,rayomand.dastur@icicilombard.com,,02712 40073040,0 9909022819,1
Sheth Tours & Travels,6,Address,RSO Mumbai-Aditi Kharade,357,Mumbai,110,400029,Aditi Kharade,shethtour@gmail.com,,9820051789,9869173171,1
Mitashi Edutainment Pvt. Ltd,6,Address,RSO Mumbai-Aditi Kharade,357,Mumbai,110,400029,Aditi Kharade,pankit.ch@gmail.com,,022 45105100,9619945989,1
TCI,6,Address,RSO Mumbai-Aditi Kharade,357,Mumbai,110,400029,Aditi Kharade,tcigoa@tci.co.in,,8322438918,-,1
Hitachi payment Services Pvt ltd,6,Address,RSO Mumbai-Amit Janvalkar,357,Mumbai,110,400029,Amit Janvalkar,jyothi.guruprasad@hitachi-payments.com,,39541800,-,1
Royal Canin,6,Address,RSO Mumbai-Amit Janvalkar,357,Mumbai,110,400029,Amit Janvalkar,sanjanamore@royalcanin.com,,-,-,1
Bharti Axa Life Insurance Co Ltd - CHQ,6,Address,RSO Mumbai-Aditi Kharade,357,Mumbai,110,400029,Aditi Kharade,amit.bhattad@bharti-axalife.com,,022 67746300,-,1
Bharti Axa Life Insurance Co Ltd - CHQ,6,Address,RSO Mumbai-Aditi Kharade,357,Mumbai,110,400029,Aditi Kharade,ganesh.gokhale@bharti-axalife.com,,40732652/01,(989) 216-7127,1
Bharti Axa Life Insurance Co Ltd - CHQ,6,Address,RSO Mumbai-Aditi Kharade,357,Mumbai,110,400029,Aditi Kharade,ujjwal.tripathi@bharti-axalife.com,,40732652/01,(900) 403-1450,1
Bharti Axa Life Insurance Co Ltd - CHQ,6,Address,RSO Mumbai-Aditi Kharade,357,Mumbai,110,400029,Aditi Kharade,aman.malhotra@bharti-axalife.com,,40732652/01,-,1
EXECUTIVE SHIP MANAGEMENT LTD.,6,Address,RSO Mumbai-Executive2,357,Mumbai,110,400029,Executive2,hr@executiveship.com,,022 65551700,9987760003,1
CHEVRON,6,Address,RSO Mumbai-Executive2,357,Mumbai,110,400029,Executive2,pkbr@chevron.com,,022 65189634,(998) 700-7950,1
Transworld GLS (I) Pvt. Ltd,6,Address,RSO Mumbai-Pawan Topkar,357,Mumbai,110,400029,Pawan Topkar,info@tglsindia.com,,022-67747100,9820604618,1
Albatross Shipping Ltd.,6,Address,RSO Mumbai-Pawan Topkar,357,Mumbai,110,400029,Pawan Topkar,admn.albamum@transworld.com,,2267681510,-,1
Weir Minreal India PVt. Ltd- Sales Office.,6,Address,RSO Mumbai-Aditi Kharade,357,Mumbai,110,400029,Aditi Kharade,iranna.kokatnur@weirgoup.com,,0222577 1881,9930929885,1
INTERTEK,6,Address,RSO Mumbai-Aditi Kharade,357,Mumbai,110,400029,Aditi Kharade,meena.panchal@intertek.com,,25804765,(992) 069-9288,1
Vipul Kumar Trading Co.,6,Address,RSO Mumbai-Pawan Topkar,357,Mumbai,110,400029,Pawan Topkar,vipul@vipulkumartrading.com,,022 3263 9973,-,1
Huntsman International(India) Private Limited,6,Address,RSO Mumbai-Pawan Topkar,357,Mumbai,110,400029,Pawan Topkar,disha_sharma@huntsman.com,,022 2778 7312,-,1
Lavue Pharmaceuticals Private Limited,6,Address,RSO Mumbai-Pawan Topkar,357,Mumbai,110,400029,Pawan Topkar,sweta.patel@lavue.co.in,,226250100,-,1
BINANI,6,Address,RSO Mumbai-Aditi Kharade,357,Mumbai,110,400029,Aditi Kharade,a.beriwal@binanihouse.com,,+44(0)2072662939,-,1
Global Nishi Teleservices India Pvt Ltd,6,Address,RSO Mumbai-Pawan Topkar,357,Mumbai,110,400029,Pawan Topkar,bhavesh.karwat@rocketbatteries.net,,022 40110636,(932) 004-4042,1
Neptunus Power Plant Services Pvt. Ltd.,6,Address,RSO Mumbai-Pawan Topkar,357,Mumbai,110,400029,Pawan Topkar,purchase@neptunus-power.com,,022 41410759,9029076505,1
HANKEL,6,Address,RSO Mumbai-Executive2,357,Mumbai,110,400029,Executive2,vinay.gandhi@in.hankel.com,,022 66143000,(932) 467-6283,1
Meril Life ASciences Pvt Ltd,6,Address,RSO Mumbai-Aditi Kharade,357,Mumbai,110,400029,Aditi Kharade,dipti.vedak@merillife.com,,022 39350700,-,1
Delve Serwiz Conferences & Events,6,Address,RSO Mumbai-Aditi Kharade,357,Mumbai,110,400029,Aditi Kharade,operations@delve-serwiz.com,,-,(992) 018-0883,1
Delve Serwiz Conferences & Events,6,Address,RSO Mumbai-Aditi Kharade,357,Mumbai,110,400029,Aditi Kharade,vinit@delve-serwiz.com,,-,7710068698,1
Delve Serwiz Conferences & Events,6,Address,RSO Mumbai-Aditi Kharade,357,Mumbai,110,400029,Aditi Kharade,mice@delve-serwiz.com,,-,9960382111,1
Just Dial Limited,6,Address,RSO Mumbai-Amit Janvalkar,357,Mumbai,110,400029,Amit Janvalkar,prashantreddy@jusstdial.com,,2228884060,9867045033,1
IndiaFirst Life Insurance Company Ltd,6,Address,RSO Mumbai-Aditi Kharade,357,Mumbai,110,400029,Aditi Kharade,siddhi.marathe@indiafirstlife.com,,91 22 39418700,9819610490,1
Pratamesh Tour&Travel,6,Address,RSO Mumbai-Aditi Kharade,357,Mumbai,110,400029,Aditi Kharade,info@pratameshtour.com,,022-66990814,+91 93240 86433,1
Pratamesh Tour&Travel,6,Address,RSO Mumbai-Aditi Kharade,357,Mumbai,110,400029,Aditi Kharade,info@pratameshtour.com,,022-66990814,9870565316,1
Ness Technologies ( India ) Pvt Ltd,6,Address,RSO Mumbai-Executive2,357,Mumbai,110,400029,Executive2,tanuja.tikhatri@ness.com,,66441000,9004072275,1
Sewells MSX International,6,Address,RSO Mumbai-Pawan Topkar,357,Mumbai,110,400029,Pawan Topkar,smalvi@sewells-msxi.com,,22 6735 4933|,+91 99225 52533,1
beyond voyages,6,Address,RSO Mumbai-Aditi Kharade,357,Mumbai,110,400029,Aditi Kharade,taher@beyondvoyages.com,,41737475,9867268465,1
ADVANCE PHOTONICS,6,Address,RSO Mumbai-Executive2,357,Mumbai,110,400029,Executive2,sales@advancephotonicsindia.com,,25610903/25910539,-,1
SSA,6,Address,RSO Mumbai-Aditi Kharade,357,Mumbai,110,400029,Aditi Kharade,garun@ssa-solutions.com,,-,966417207,1
emerald alchymicus pvt.ltd.,6,Address,RSO Mumbai-Aditi Kharade,357,Mumbai,110,400029,Aditi Kharade,sharad@emeraldalchy.com,,25628060,-,1
Siddhivinayak Exports,6,Address,RSO Mumbai-Aditi Kharade,357,Mumbai,110,400029,Aditi Kharade,nileshkhatira@yahoo.com,,2225910023,9.19E+11,1
American Standard Bath & Kitchen India Pvt Ltd,6,Address,RSO Mumbai-Aditi Kharade,357,Mumbai,110,400029,Aditi Kharade,abhijit_k@amstd.com,,2267891209,9.20E+11,1
Akola Chemicals,6,Address,RSO Mumbai-Aditi Kharade,357,Mumbai,110,400029,Aditi Kharade,akolachem@vsnl.net,,9.12E+11,-,1
Ace Televoice & Services Pvt Ltd,6,Address,RSO Mumbai-Aditi Kharade,357,Mumbai,110,400029,Aditi Kharade,sprao@acetelevoice.com,,9.12E+11,(996) 701-0967,1
Akola Chemicals,6,Address,RSO Mumbai-Aditi Kharade,357,Mumbai,110,400029,Aditi Kharade,gr111936@yahoo.com,,9.12E+11,-,1
Huber & Sunher,6,Address,RSO Mumbai-Aditi Kharade,357,Mumbai,110,400029,Aditi Kharade,gauri.kharkar@hubersunher.com,,2267704301,9.20E+11,1
Schwing Stetter,6,Address,RSO Mumbai-Aditi Kharade,357,Mumbai,110,400029,Aditi Kharade,pamela.lowe@schwingstetterindia.com,,9.12E+11,-,1
beyond voyages,6,Address,RSO Mumbai-Aditi Kharade,357,Mumbai,110,400029,Aditi Kharade,vidya@beyondvoyages.com,,41737475,(982) 187-4491,1
Tenora International,6,Address,RSO Mumbai-Aditi Kharade,357,Mumbai,110,400029,Aditi Kharade,tenora@vsnl.com,,91 22 25632383,91 9821048963,1
Kenko Corporation,6,Address,RSO Mumbai-Aditi Kharade,357,Mumbai,110,400029,Aditi Kharade,basu.ak@kenkoindia.com,,91 22 25904754,91 9820075633,1
SBI Life Insurance Co Limited,6,Address,RSO Mumbai-Aditi Kharade,357,Mumbai,110,400029,Aditi Kharade,neha.yadav@sbilife.co.in,,-,9619774977,1
TATA SKY,6,Address,RSO Mumbai-Amit Janvalkar,357,Mumbai,110,400029,Amit Janvalkar,kshitij.patil@tatasky.com,,-,7506365085,1
Bonton Holidays,6,Address,RSO Mumbai-Aditi Kharade,357,Mumbai,110,400029,Aditi Kharade,indiahotels5@bontonholidays.com,,61799100,9167244315,1
ITC Ltd,6,Address,RSO Mumbai-Amit Janvalkar,357,Mumbai,110,400029,Amit Janvalkar,ashish.paul@itc.in,,022 22172200,(981) 961-4231,1
Armstrong,6,Address,RSO Mumbai-Aditi Kharade,357,Mumbai,110,400029,Aditi Kharade,agokhale@armstrong.com,,30480800,-,1
Dimension Data,6,Address,RSO Mumbai-Amit Janvalkar,357,Mumbai,110,400029,Amit Janvalkar,shanti.muralidharan@dimensiondata.com,,022 24981212,9820798014,1
Trail Blazer Tours India Private Limited,6,Address,RSO Mumbai-Aditi Kharade,357,Mumbai,110,400029,Aditi Kharade,rmiranda@tbi.co.in,,61370339/61940940,9892228272,1
SBI Life Insurance Co Limited,6,Address,RSO Mumbai-Aditi Kharade,357,Mumbai,110,400029,Aditi Kharade,ravi.kadam@sbilife.co.in,,-,9930445533,1
Emkay Global Finance Services Limited,6,Address,RSO Mumbai-Amit Janvalkar,357,Mumbai,110,400029,Amit Janvalkar,sagar.gaonkar@emkatglobal.com,,66121212,9987846866,1
Nyka Events,6,Address,RSO Mumbai-Aditi Kharade,357,Mumbai,110,400029,Aditi Kharade,smithi@nykaevents.com,,-,9930241405,1
JSW Steel India Limited,6,Address,RSO Mumbai-Amit Janvalkar,357,Mumbai,110,400029,Amit Janvalkar,priti.jain@jsw.in,,23513000,(970) 281-5555,1
Dow Agroscience India Pvt Ltd,6,Address,RSO Mumbai-Aditi Kharade,357,Mumbai,110,400029,Aditi Kharade,abartia@dowagro.com,,022 66741778,-,1
Ezeego one Travel and Tours Ltd,6,Address,RSO Mumbai-Aditi Kharade,357,Mumbai,110,400029,Aditi Kharade,jitendra.sawant@ezeego1.com,,022 67309400/61969696,9892078468,1
ONGC Ltd,6,Address,RSO Mumbai-Amit Janvalkar,357,Mumbai,110,400029,Amit Janvalkar,bhtia_sk2@ongc.co.in,,26599910,9969225119,1
Hindustan Colas Limited,6,Address,RSO Mumbai-Amit Janvalkar,357,Mumbai,110,400029,Amit Janvalkar,nitinsoni@hincol.com,,022 41553150,-,1
OG Corporation,6,Address,RSO Mumbai-Amit Janvalkar,357,Mumbai,110,400029,Amit Janvalkar,praveen@ogcorp.in,,022 26590143,(982) 068-6205,1
Siemens India - CHQ,6,Address,RSO Mumbai-Aditi Kharade,357,Mumbai,110,400029,Aditi Kharade,geetha.arekal@siemens.com,,022 39668280,(988) 048-6693,1
WPP,6,Address,RSO Mumbai-Amit Janvalkar,357,Mumbai,110,400029,Amit Janvalkar,disha.andani@in.fcm.travel,,2262288698,9619913378,1
DCNS India Pvt Ltd,6,Address,RSO Mumbai-Amit Janvalkar,357,Mumbai,110,400029,Amit Janvalkar,sonal.shetty@dcnsindia.com,,66177017,-,1
LIC of India,6,Address,RSO Mumbai-Executive2,357,Mumbai,110,400029,Executive2,wz_mktgop@licindia.com,,66598063,-,1
H & R johnson,6,Address,RSO Mumbai-Amit Janvalkar,357,Mumbai,110,400029,Amit Janvalkar,pabalkar.hemant@hrjohnsonindia.com,,91 2230647300,9594444777,1
Toshali Resort International,6,Address,RSO Mumbai-Aditi Kharade,357,Mumbai,110,400029,Aditi Kharade,narsingh.patra@yahoo.co.in,,67411762/67411760,9820073506/9324245974,1
Dow Chemical International Pvt. Ltd,6,Address,RSO Mumbai-Aditi Kharade,357,Mumbai,110,400029,Aditi Kharade,lnair@dow.com,,022 66741700,7738743150,1
VIP Industries Limited,6,Address,RSO Mumbai-Amit Janvalkar,357,Mumbai,110,400029,Amit Janvalkar,laxmishrao@vipbags.com,,66539000,-,1
Epopsi Strumat,6,Address,RSO Mumbai-Aditi Kharade,357,Mumbai,110,400029,Aditi Kharade,sjbaliga@strumat.com,,2225961008,9820888833,1
Technovinyl Polymers India Ltd.,6,Address,RSO Mumbai-Aditi Kharade,357,Mumbai,110,400029,Aditi Kharade,kk_group@vsnl.net,,2261721888,-,1
Bitzer India pvt. ltd.,6,Address,RSO Mumbai-Aditi Kharade,357,Mumbai,110,400029,Aditi Kharade,kavita.pardeshi@bitzer.in,,2225676006,-,1
Transocean Offshore International Ventures Ltd,6,Address,RSO Mumbai-Executive2,357,Mumbai,110,400029,Executive2,hoteldesk.mumbai@deepwater.com,,022 40000000,-,1
Classic Holidays,6,Address,RSO Mumbai-Aditi Kharade,357,Mumbai,110,400029,Aditi Kharade,sanjay@classicholidays.in,,022 23823337,-,1
Crompton Greaves Ltd.,6,Address,RSO Mumbai-Aditi Kharade,357,Mumbai,110,400029,Aditi Kharade,kapil.agrawal@cgglobal.com,,67558951,9594044394,1
TMEIC Industrial Systems India Pvt. Ltd.,6,Address,RSO Mumbai-Aditi Kharade,357,Mumbai,110,400029,Aditi Kharade,nivedita.patil@tmeic.in,,2261555444,7738035474,1
JTB Travels Pvt Ltd,6,Address,RSO Mumbai-Aditi Kharade,357,Mumbai,110,400029,Aditi Kharade,ibt@jtbtours.com,,22817020 / 21 /22,-,1
Linde Material Handling Asia Pacific Pte. Ltd.,6,Address,RSO Mumbai-Aditi Kharade,357,Mumbai,110,400029,Aditi Kharade,navneet.singh@lindemh.com.sg,,25957576,9819938359,1
Aker Powergas Pvt. Ltd.,6,Address,RSO Mumbai-Aditi Kharade,357,Mumbai,110,400029,Aditi Kharade,nalini.sadekar@akersolutions.com,,66915525,-,1
Veena World,6,Address,RSO Mumbai-Aditi Kharade,357,Mumbai,110,400029,Aditi Kharade,sudhir@veenaworld.com,,1800227979,(887) 997-2200,1
Veena World,6,Address,RSO Mumbai-Aditi Kharade,357,Mumbai,110,400029,Aditi Kharade,travel@veenaworld.com,,1800227979,(887) 997-2266,1
Global Innovsource Solutions Pvt.Ltd,6,Address,RSO Mumbai-Aditi Kharade,357,Mumbai,110,400029,Aditi Kharade,ratnakark@innovsource.com,,(224) 218-0036,(976) 998-1248,1
Trisha Tours & Travels,6,Address,RSO Mumbai-Aditi Kharade,357,Mumbai,110,400029,Aditi Kharade,trishatours@gmail.com,,64577009/10,9892268120/9322827792,1
D Thakkar Constructions Pvt.Ltd,6,Address,RSO Mumbai-Aditi Kharade,357,Mumbai,110,400029,Aditi Kharade,info.ho@dthakkar.com,,61147722,9820313976,1
Ernst & Young,6,Address,RSO Mumbai-Amit Janvalkar,357,Mumbai,110,400029,Amit Janvalkar,rahul.rajan@in.ey.com,,6192000,9930335213,1
UHM -United Holidays Management,6,Address,RSO Mumbai-Aditi Kharade,357,Mumbai,110,400029,Aditi Kharade,m.nafis@uhmvacation.com,,42225333,9833400659,1
Raymond Limited,6,Address,RSO Mumbai-Aditi Kharade,357,Mumbai,110,400029,Aditi Kharade,melvin.newton@raymond.in,,61527376,-,1
SKILL Travels,6,Address,RSO Mumbai-Aditi Kharade,357,Mumbai,110,400029,Aditi Kharade,farha@skiltravel.com,,022 67230000,-,1
Novartis India Ltd-CHQ,6,Address,RSO Mumbai-Amit Janvalkar,357,Mumbai,110,400029,Amit Janvalkar,flory.fernandes@novartis.com,,022 24958564,-,1
Tata Services Limited,6,Address,RSO Mumbai-Amit Janvalkar,357,Mumbai,110,400029,Amit Janvalkar,rhaque@tata.com,,66658282,9029002536,1
AL Faraa Infra Projects,6,Address,RSO Mumbai-Aditi Kharade,357,Mumbai,110,400029,Aditi Kharade,ashapak.mulla@alfaraainfrapr.com,,2267145555,(916) 773-3483,1
Ernst & Young,6,Address,RSO Mumbai-Amit Janvalkar,357,Mumbai,110,400029,Amit Janvalkar,ashish.kakwani@in.ey.com,,6192000,9820892908,1
Heinz India Pvt Limited,6,Address,RSO Mumbai-Amit Janvalkar,357,Mumbai,110,400029,Amit Janvalkar,yasmin.bhadha@in.hjheinz.com,,022 40085555,981911597,1
Cachet Pharma-Active,6,Address,RSO Mumbai-Amit Janvalkar,357,Mumbai,110,400029,Amit Janvalkar,santoshsingh@cachetindia.com,,24970011,9819707587,1
Linnhoff India Pvt Limited,6,Address,RSO Mumbai-Amit Janvalkar,357,Mumbai,110,400029,Amit Janvalkar,sumitra@linnhoff.co.in,,24104009,7738723336,1
Raymond Limited,6,Address,RSO Mumbai-Aditi Kharade,357,Mumbai,110,400029,Aditi Kharade,ml.bapna@raymond.in,,61527376,9820386794,1
Piaggio Vehicles Private Limited,6,Address,RSO Mumbai-Amit Janvalkar,357,Mumbai,110,400029,Amit Janvalkar,aslam@piaggio.co.in,,4058000,90040407120,1
LIC of India,6,Address,RSO Mumbai-Executive2,357,Mumbai,110,400029,Executive2,co_marketing1@licindia.com,,66598770/22028270,-,1
UHM -United Holidays Management,6,Address,RSO Mumbai-Aditi Kharade,357,Mumbai,110,400029,Aditi Kharade,sup.inbound@uhmvacation.com,,42225333,8879664937,1
Mc Donalds-Hardcastle Restaurant,6,Address,RSO Mumbai-Amit Janvalkar,357,Mumbai,110,400029,Amit Janvalkar,samir.deshmukh@mcdonaldsindia.com,,022 30013001,-,1
Cipla Ltd - CHQ,6,Address,RSO Mumbai-Amit Janvalkar,357,Mumbai,110,400029,Amit Janvalkar,harshal.golatkar@cipla.com,,022 23082891,-,1
Publicis Ambience,6,Address,RSO Mumbai-Executive2,357,Mumbai,110,400029,Executive2,sachin.sidruk@publicisindia.com,,24829142,-,1
Merck-Chq,6,Address,RSO Mumbai-Amit Janvalkar,357,Mumbai,110,400029,Amit Janvalkar,shashankkhatavkar@gmail.com,,022 66609111,(992) 015-5138,1
Marico Limited,6,Address,RSO Mumbai-Amit Janvalkar,357,Mumbai,110,400029,Amit Janvalkar,monf@maricoindia.net,,66480519,-,1
UHM -United Holidays Management,6,Address,RSO Mumbai-Aditi Kharade,357,Mumbai,110,400029,Aditi Kharade,operation9@uhmvacation.com,,42225333,8451984913,1
Koye Pharma,6,Address,RSO Mumbai-Executive2,357,Mumbai,110,400029,Executive2,debapriya.ghosh@koye.co,,(902) 251-5625,-,1
Fiat Group Automobiles India Private Limited,6,Address,RSO Mumbai-Amit Janvalkar,357,Mumbai,110,400029,Amit Janvalkar,asish.kumar@fiat.com,,39462609,(983) 377-6604,1
Saraswati Entertainment Pvt Ltd,6,Address,RSO Mumbai-Executive2,357,Mumbai,110,400029,Executive2,manoj@gsentertainment.com,,9.20E+11,-,1
Grin Travels Pvt. Ltd,6,Address,RSO Mumbai-Aditi Kharade,357,Mumbai,110,400029,Aditi Kharade,tejas@grintravels.com,,22 24104007,9594954095,1
Alkem Laboratories Ltd - CHQ,6,Address,RSO Mumbai-Amit Janvalkar,357,Mumbai,110,400029,Amit Janvalkar,anirban.mita@alkem.com,,022 39829999,(932) 459-7434,1
Radio Mirchi,6,Address,RSO Mumbai-Amit Janvalkar,357,Mumbai,110,400029,Amit Janvalkar,christabelle.fernades@timesgroup.com,,-,9819977027,1
Gem Tours & Travels Pvt.Ltd,6,Address,RSO Mumbai-Aditi Kharade,357,Mumbai,110,400029,Aditi Kharade,amitjain@gemtravels.com,,26178300/8400,9867574455,1
Reserve Bank Of India,6,Address,RSO Mumbai-Amit Janvalkar,357,Mumbai,110,400029,Amit Janvalkar,ppketkar@rbi.org.in,,22603000,9223474846,1
Fantastic Hospitality Services Pvt Ltd - Marol,6,Address,RSO Mumbai-Aditi Kharade,357,Mumbai,110,400029,Aditi Kharade,brij@fantasticgrp.com,,26756622,-,1
LIC HOUSING FINANCE LIMITED,6,Address,RSO Mumbai-Amit Janvalkar,357,Mumbai,110,400029,Amit Janvalkar,leena@lichousing.com,,-,-,1
Riya Holidays,6,Address,RSO Mumbai-Aditi Kharade,357,Mumbai,110,400029,Aditi Kharade,sheetal.kargutkar@riya.travel,,67094893,-,1
Ferring Pharmaceuticals Pvt Limited,6,Address,RSO Mumbai-Amit Janvalkar,357,Mumbai,110,400029,Amit Janvalkar,consultant.sheetal.jethwa@ferring.com,,67764700,-,1
Yes Bank,6,Address,RSO Mumbai-Amit Janvalkar,357,Mumbai,110,400029,Amit Janvalkar,traveldesk@yesbank.in,,66229267,-,1
Koye Pharma,6,Address,RSO Mumbai-Executive2,357,Mumbai,110,400029,Executive2,shweta.achrekar@koye.co,,-,7506337133,1
Rolta India Ltd. - CHQ,6,Address,RSO Mumbai-Executive2,357,Mumbai,110,400029,Executive2,leticia.dsouza@rolta.com,,022 29266666,-,1
Mead Johson Nutrition,6,Address,RSO Mumbai-Amit Janvalkar,357,Mumbai,110,400029,Amit Janvalkar,swati.rao@mjn.com,,22 67854112`,8879450145,1
Lohana's Tours,6,Address,RSO Mumbai-Aditi Kharade,357,Mumbai,110,400029,Aditi Kharade,sales@lohanatoursindia.com,,+91 22 42060660 / 42060662,8879004754,1
J M Financial,6,Address,RSO Mumbai-Amit Janvalkar,357,Mumbai,110,400029,Amit Janvalkar,walerie.dias@jmfl.com,,91 22 6630 3030,9819939937,1
Yes Bank,6,Address,RSO Mumbai-Amit Janvalkar,357,Mumbai,110,400029,Amit Janvalkar,pankaj.aytulwar@yesbank.in,,33478721,9821757967,1
Ambassador Holidays,6,Address,RSO Mumbai-Aditi Kharade,357,Mumbai,110,400029,Aditi Kharade,ambsales@ambassadorexp.com,,022 30281807,022-30281820 ( 30281805-24),1
WPP,6,Address,RSO Mumbai-Amit Janvalkar,357,Mumbai,110,400029,Amit Janvalkar,sachin.kasture@wpp.com,,022 40985555,9920051225,1
Reserve Bank Of India,6,Address,RSO Mumbai-Amit Janvalkar,357,Mumbai,110,400029,Amit Janvalkar,jlnegi@rbi.org.in,,22603000,9811100708,1
Brookfield,6,Address,RSO Mumbai-Executive2,357,Mumbai,110,400029,Executive2,kainaz.motiwala@brookfield.com,,66000400,-,1
ITL Holidays,6,Address,RSO Mumbai-Aditi Kharade,357,Mumbai,110,400029,Aditi Kharade,prabhakar@itltravel.com,,40936666,-,1
Astron Hospitality,6,Address,RSO Mumbai-Aditi Kharade,357,Mumbai,110,400029,Aditi Kharade,astronhospitality@gmail.com,,28675542/43,9820088863/9323242119,1
Grin Travels Pvt. Ltd,6,Address,RSO Mumbai-Aditi Kharade,357,Mumbai,110,400029,Aditi Kharade,admin@grintravels.com,,22 24104007,8108047705,1
SOTC-MICE,6,Address,RSO Mumbai-Aditi Kharade,357,Mumbai,110,400029,Aditi Kharade,nidhi.arya@sotc.in,,022 66617500,9871260665,1
Parker Hannifin India Pvt Ltd,6,Address,RSO Mumbai-Pawan Topkar,357,Mumbai,110,400029,Pawan Topkar,disha.barat@parker.in,,"022 65137081, 85",9167218452,1
The Times of india group,6,Address,RSO Mumbai-Aditi Kharade,357,Mumbai,110,400029,Aditi Kharade,vasudevan.namboodiri@timesgroup.com,,28872109/28872324,(982) 129-8988,1
Accenture Services Pvt Ltd,6,Address,RSO Mumbai-Executive2,357,Mumbai,110,400029,Executive2,sanghamitra.kamble@accenture.com,,-,(982) 015-2423,1
AVEVA Information Technology India Private Limited,6,Address,RSO Mumbai-Aditi Kharade,357,Mumbai,110,400029,Aditi Kharade,tulika.dhavan@aveva.com,,6710 3212,(773) 820-9277,1
Hitachi India Trading Pvt Ltd,6,Address,RSO Mumbai-Aditi Kharade,357,Mumbai,110,400029,Aditi Kharade,shantanu@hitachi.co.in,,022 28215625/28215892/28213188,9920649966,1
Karl MAyer India Pvt Ltd,6,Address,RSO Mumbai-Executive2,357,Mumbai,110,400029,Executive2,mmirkar@karlmayer.co.in,,2266766172,(959) 498-4345,1
03Capital,6,Address,RSO Mumbai-Executive2,357,Mumbai,110,400029,Executive2,shiraz.bugwadia@03capital.com,,(226) 111-5700,-,1
Alembic Ltd - CHQ,6,Address,RSO Mumbai-Executive2,357,Mumbai,110,400029,Executive2,chetan.rayakar@alembic.co.in,,022 30619738,9920181179,1
Howden Inc Brokers India Private Ltd,6,Address,RSO Mumbai-Amit Janvalkar,357,Mumbai,110,400029,Amit Janvalkar,jinita@howdenindia.com,,66558802,(983) 369-9310,1
SKF India Limited,6,Address,RSO Mumbai-Executive2,357,Mumbai,110,400029,Executive2,ginnette.fernandes@skf.com,,6633 7701 / 7777 / 67216901,9167158161,1
The New India Assurance Co Ltd,6,Address,RSO Mumbai-Amit Janvalkar,357,Mumbai,110,400029,Amit Janvalkar,rajiv.gupta@newindia.co.in,,7506990835,-,1
The New India Assurance Co Ltd,6,Address,RSO Mumbai-Amit Janvalkar,357,Mumbai,110,400029,Amit Janvalkar,subha.kulkarni@newindia.co.in,,-,-,1
Aircel Limited,6,Address,RSO Mumbai-Aditi Kharade,357,Mumbai,110,400029,Aditi Kharade,darshana.sontakke-ca@aircel.co.in,,9768199008,9768198774,1
ATE Enterprises Pvt Ltd,6,Address,RSO Mumbai-Executive2,357,Mumbai,110,400029,Executive2,s_d_jadhav@ateindia.com,,66766131,(986) 725-4207,1
Rockwool Roxul Technical Insulation,6,Address,RSO Mumbai-Aditi Kharade,357,Mumbai,110,400029,Aditi Kharade,deepti.harne@rockwool.com,,67157720,-,1
Merck Limited,6,Address,RSO Mumbai-Executive2,357,Mumbai,110,400029,Executive2,saraswati.khan@merckgroup.com,,(900) 467-6729 /66609035,-,1
Glaxo Smith Kline,6,Address,RSO Mumbai-Amit Janvalkar,357,Mumbai,110,400029,Amit Janvalkar,ashish.g.sabnis@gsk.com,,022 24959372,-,1
Cox & Kings,6,Address,RSO Mumbai-Aditi Kharade,357,Mumbai,110,400029,Aditi Kharade,pritam.parihar@coxandkings.com,,022 22709100,-,1
Cox & Kings,6,Address,RSO Mumbai-Aditi Kharade,357,Mumbai,110,400029,Aditi Kharade,shefali.singh@coxandkings.com,,022 22709100,9820140747,1
IDFC,6,Address,RSO Mumbai-Amit Janvalkar,357,Mumbai,110,400029,Amit Janvalkar,vasudev.prabhu@idfc.com,,66339100,-,1
Tata AIG General Inc,6,Address,RSO Mumbai-Amit Janvalkar,357,Mumbai,110,400029,Amit Janvalkar,shishir.joshi@tata-aig.com,,66382373,9819251455,1
Novartis India Ltd-CHQ,6,Address,RSO Mumbai-Amit Janvalkar,357,Mumbai,110,400029,Amit Janvalkar,vishal.salvi@novartis.com,,022 24958564,98700223322,1
Cipla Ltd - CHQ,6,Address,RSO Mumbai-Amit Janvalkar,357,Mumbai,110,400029,Amit Janvalkar,samit.bhatt@cipla.com,,022 23082891,-,1
Essar-CHQ,6,Address,RSO Mumbai-Amit Janvalkar,357,Mumbai,110,400029,Amit Janvalkar,futura@essar.com,,022 66601100,-,1
Fiat Group Automobiles India Private Limited,6,Address,RSO Mumbai-Amit Janvalkar,357,Mumbai,110,400029,Amit Janvalkar,sonali.philip@fiat.com,,39462609,(993) 090-3687,1
Warner Brothers,6,Address,RSO Mumbai-Executive2,357,Mumbai,110,400029,Executive2,radhika.malusare@warnerbros.com,,66112535,-,1
Greeksoft,6,Address,RSO Mumbai-Aditi Kharade,357,Mumbai,110,400029,Aditi Kharade,info@greeksoft.co.in,,4042100,-,1
Jacobs Engineering India Private Limited,6,Address,RSO Mumbai-Executive2,357,Mumbai,110,400029,Executive2,tulsidas.patel@jacobs.com,,26812000,9820298251,1
Nivalink,6,Address,RSO Mumbai-Aditi Kharade,357,Mumbai,110,400029,Aditi Kharade,arlette@nivalink.in,,61506310,-,1
Adeka India,6,Address,RSO Mumbai-Aditi Kharade,357,Mumbai,110,400029,Aditi Kharade,info@adekaindia.com,,22402633012,9930193871,1
Ambassador Holidays,6,Address,RSO Mumbai-Aditi Kharade,357,Mumbai,110,400029,Aditi Kharade,sourabh.mahajan@ambholidays.com,,022 30281807,-,1
Puratos Food Ingredients Ind. Pvt. Ltd,6,Address,RSO Mumbai-Aditi Kharade,357,Mumbai,110,400029,Aditi Kharade,ganesh.dhage@puratosindia.com,,61240808,9167577261,1
IDBI Fedral,6,Address,RSO Mumbai-Executive2,357,Mumbai,110,400029,Executive2,amitab.mukherjee@idbifedral.com,,022-67358223,(914) 600-0511,1
Novartis India Ltd-CHQ,6,Address,RSO Mumbai-Amit Janvalkar,357,Mumbai,110,400029,Amit Janvalkar,pratiksha.salve@novartis.com,,022 24958564,-,1
Neem Holidays Pvt.Ltd,6,Address,RSO Mumbai-Aditi Kharade,357,Mumbai,110,400029,Aditi Kharade,manish@neemholidays.com,,42107777,9820188563,1
ITL Holidays,6,Address,RSO Mumbai-Aditi Kharade,357,Mumbai,110,400029,Aditi Kharade,sanjay@itltravel.com,,40936666,9833719750,1
ICON Analytical,6,Address,RSO Mumbai-Amit Janvalkar,357,Mumbai,110,400029,Amit Janvalkar,sawti@iconanalytical.com,,2243451600,9322926724,1
Tam Media,6,Address,RSO Mumbai-Aditi Kharade,357,Mumbai,110,400029,Aditi Kharade,traveldesk@tamindia.com,,2266531200,-,1
Colliers International,6,Address,RSO Mumbai-Amit Janvalkar,357,Mumbai,110,400029,Amit Janvalkar,ashana.chavan@colliers.com,,22-490-4500,7738001918,1
Marks Marine Radio Pvt Ltd,6,Address,RSO Mumbai-Aditi Kharade,357,Mumbai,110,400029,Aditi Kharade,info@mmrindia.com,,022 25114102,-,1
IIFL,6,Address,RSO Mumbai-Amit Janvalkar,357,Mumbai,110,400029,Amit Janvalkar,snehal.gaikwad@indiainfoline.com,,42499000,-,1
Travel Patio,6,Address,RSO Mumbai-Aditi Kharade,357,Mumbai,110,400029,Aditi Kharade,husain@travelpatio.com,,29272769,9820433304,1
Global Innovsource Solutions Pvt.Ltd,6,Address,RSO Mumbai-Aditi Kharade,357,Mumbai,110,400029,Aditi Kharade,vasanthav@gtllimited.com,,-,98701 88952,1
Anand Rathi,6,Address,RSO Mumbai-Amit Janvalkar,357,Mumbai,110,400029,Amit Janvalkar,jayeshshinde@rathi.com,,404770000,-,1
Neem Holidays Pvt.Ltd,6,Address,RSO Mumbai-Aditi Kharade,357,Mumbai,110,400029,Aditi Kharade,gurvinder@neemholidays.com,,42107777,8689909919,1
Saibless Holidays,6,Address,RSO Mumbai-Aditi Kharade,357,Mumbai,110,400029,Aditi Kharade,reservations@saiblesshotelsnresorts.com,,022-24450051/52,9223594609,1
JTB Travels Pvt Ltd,6,Address,RSO Mumbai-Aditi Kharade,357,Mumbai,110,400029,Aditi Kharade,ibt@jtbtours.com,,22817020 / 6620 2800,-,1
Cox & Kings,6,Address,RSO Mumbai-Aditi Kharade,357,Mumbai,110,400029,Aditi Kharade,vijay.navaney@coxandkings.com,,022 22709100,9833241515,1
WPP,6,Address,RSO Mumbai-Amit Janvalkar,357,Mumbai,110,400029,Amit Janvalkar,parvinder.bhamra@contraactindia.com,,022 40985555,9820322848,1
Reserve Bank Of India,6,Address,RSO Mumbai-Amit Janvalkar,357,Mumbai,110,400029,Amit Janvalkar,sunilgupta@rbi.org.in,,22603000,-,1
Mahindra Two Wheelers Ltd,6,Address,RSO Mumbai-Executive2,357,Mumbai,110,400029,Executive2,dongre.deepak@mahindra.com,,24905875,9867814443,1
Astron Hospitality,6,Address,RSO Mumbai-Aditi Kharade,357,Mumbai,110,400029,Aditi Kharade,astronhospitality@gmail.com,,28675542/43,9819086507,1
Arzoo Travels,6,Address,RSO Mumbai-Aditi Kharade,357,Mumbai,110,400029,Aditi Kharade,allen.d@arzoo.com,,022 67134444,9987494690,1
Ernst & Young,6,Address,RSO Mumbai-Amit Janvalkar,357,Mumbai,110,400029,Amit Janvalkar,nilufer.gandevia@in.ey.com,,6192000,9820355653,1
Enhanced Software Solutions Pvt Limited,6,Address,RSO Mumbai-Aditi Kharade,357,Mumbai,110,400029,Aditi Kharade,shraddha.patankar@ess.net.in,,-,9619962514,1
Labindia Instruments Pvt. Ltd.,6,Address,RSO Mumbai-Pawan Topkar,357,Mumbai,110,400029,Pawan Topkar,nairjr@labindia.com,,25986074,-,1
Harvey Worldwide Destinations,6,Address,RSO Mumbai-Aditi Kharade,357,Mumbai,110,400029,Aditi Kharade,milan@harveyindia.com,,022 65284160,-,1
Dow Agroscience India Pvt Ltd,6,Address,RSO Mumbai-Aditi Kharade,357,Mumbai,110,400029,Aditi Kharade,hnair@dow.com,,022 66741700,-,1
Veena World,6,Address,RSO Mumbai-Aditi Kharade,357,Mumbai,110,400029,Aditi Kharade,rupali@veenaworld.com,,1800227979,8879972319,1
Indofil Industries Limited,6,Address,RSO Mumbai-Executive2,357,Mumbai,110,400029,Executive2,traveldesk-icc@modi.com,,66637396,9930670564,1
Hitachi Lift India Pvt Ltd - CHQ,6,Address,RSO Mumbai-Aditi Kharade,357,Mumbai,110,400029,Aditi Kharade,hil.mum@hli.hitachi.co.in,,40039057/58,-,1
PCI LTD,6,Address,RSO Mumbai-Aditi Kharade,357,Mumbai,110,400029,Aditi Kharade,vijaysurte@prime-pci.com,,40573456,(981) 956-0730,1
"Sodexo Food, Facilities & project Management",6,Address,RSO Mumbai-Aditi Kharade,357,Mumbai,110,400029,Aditi Kharade,traveldesk.fms.in@sodexo.com,,44214442,9769108914,1
Transocean Offshore International Ventures Ltd,6,Address,RSO Mumbai-Executive2,357,Mumbai,110,400029,Executive2,shilpa.patil@deepwater.com,,022 40000000,-,1
Uniglobe Grand Slam Travel,6,Address,RSO Mumbai-Aditi Kharade,357,Mumbai,110,400029,Aditi Kharade,pgandhi@uniglobegrandslamtravel.com,,66353435 / 66333571,9930801381,1
Thomas Cook,6,Address,RSO Mumbai-Executive2,357,Mumbai,110,400029,Executive2,mohan.redkar@in.thomascook.com,,022 6160 3333,9820429871,1
SOTC-MICE,6,Address,RSO Mumbai-Aditi Kharade,357,Mumbai,110,400029,Aditi Kharade,akhorana@kuoiindia.com,,022 67779100,-,1
ACG Worldwide,6,Address,RSO Mumbai-Aditi Kharade,357,Mumbai,110,400029,Aditi Kharade,shabbir.badami@acg-world.com,,30462932,(900) 460-9948,1
WPP,6,Address,RSO Mumbai-Amit Janvalkar,357,Mumbai,110,400029,Amit Janvalkar,anna.fernandes@bates-chi.com,,2244344811,-,1
Thomas Cook,6,Address,RSO Mumbai-Executive2,357,Mumbai,110,400029,Executive2,sandiip.srivastava@in.thomascook.com,,022 66091531,9930466498,1
Cox & Kings,6,Address,RSO Mumbai-Aditi Kharade,357,Mumbai,110,400029,Aditi Kharade,deepali.padalkar@coxandkings.com,,022 22709100,-,1
Lubrizol Advanced Materials India Pvt Ltd-CHQ,6,Address,RSO Mumbai-Executive2,357,Mumbai,110,400029,Executive2,archana.more@lubrizol.com,,022 66027800,9167788735,1
Owens-Corning (India) Ltd - CHQ,6,Address,RSO Mumbai-Executive2,357,Mumbai,110,400029,Executive2,manish.gawasane@owenscorning.com,,66681804,9920841785,1
Emerson Electric Co India Pvt Ltd - CHQ,6,Address,RSO Mumbai-Executive2,357,Mumbai,110,400029,Executive2,mumbai.emersonindia@emerson.com,,022 67751705,-,1
Zenith Hospitality - RMO West,6,Address,RSO Mumbai-Aditi Kharade,357,Mumbai,110,400029,Aditi Kharade,tcl@zenithholidays.com,,40369000,9833963358,1
Basil Leaf,6,Address,RSO Mumbai-Aditi Kharade,357,Mumbai,110,400029,Aditi Kharade,umesh@basilleaf.co.in,,(982) 098-8508,(982) 098-8508,1
Fujifilm India Pvt Limited,6,Address,RSO Mumbai-Aditi Kharade,357,Mumbai,110,400029,Aditi Kharade,admin.mumbai@fujifilmindia.com,,42364000,(987) 007-7570,1
Sanofi Aventis - CHQ,6,Address,RSO Mumbai-Executive2,357,Mumbai,110,400029,Executive2,ashish.talele@sanofi-aventis.com,,022 28278000,(982) 026-1205,1
D'compass,6,Address,RSO Mumbai-Aditi Kharade,357,Mumbai,110,400029,Aditi Kharade,meeramenon@dcompass.com,,-,9820818089,1
Ninety Nine Travels,6,Address,RSO Mumbai-Aditi Kharade,357,Mumbai,110,400029,Aditi Kharade,bharatp@ninetyninetravels.com,,40097799,(982) 060-1011,1
Weatherford ME Ltd - CHQ,6,Address,RSO Mumbai-Executive2,357,Mumbai,110,400029,Executive2,annet.nunis@me.weatherford.com,,022 40488059,-,1
Orbit Corporate & Leisure Travels (I) Pvt.Ltd,6,Address,RSO Mumbai-Aditi Kharade,357,Mumbai,110,400029,Aditi Kharade,did.ops1@orbit-star.com,,24102801-03,9322208521,1
Glenmark Pharmaceuticals - CHQ,6,Address,RSO Mumbai-Executive2,357,Mumbai,110,400029,Executive2,kishori.khambete@glenmarkpharma.com,,2240189999,-,1
Weatherford ME Ltd - CHQ,6,Address,RSO Mumbai-Executive2,357,Mumbai,110,400029,Executive2,kirti.quadros@me.weatherford.com,,022 40483000,9819399919,1
FIVEBROS FORGINGS PVT LTD,6,Address,RSO Mumbai-Aditi Kharade,357,Mumbai,110,400029,Aditi Kharade,info@fivebros.in,,(022) 256-6673,(982) 005-7571,1
Tata Interactive Systems - CHQ,6,Address,RSO Mumbai-Aditi Kharade,357,Mumbai,110,400029,Aditi Kharade,nede@tatainteractive.com,,66438000,9820784242,1
Astonfield Renewables,6,Address,RSO Mumbai-Amit Janvalkar,357,Mumbai,110,400029,Amit Janvalkar,msyed@astonfield.com,,61464000,(993) 066-1603,1
CIMA India - CHQ,6,Address,RSO Mumbai-Amit Janvalkar,357,Mumbai,110,400029,Amit Janvalkar,joanita.dsouza@cimaglobal.com,,-,-,1
Puneet Laboratories Pvt. Ltd.,6,Address,RSO Mumbai-Aditi Kharade,357,Mumbai,110,400029,Aditi Kharade,admin@puneetlabs.com,,61637000,-,1
Greenfields Hospitality Service,6,Address,RSO Mumbai-Aditi Kharade,357,Mumbai,110,400029,Aditi Kharade,contact@greenfieldshospitality.com,,-,(992) 083-1899,1
Tolani Shipping,6,Address,RSO Mumbai-Executive2,357,Mumbai,110,400029,Executive2,ops@tolanigroup.com,,"022 - 66568989, 22026878",-,1
Nivalink,6,Address,RSO Mumbai-Aditi Kharade,357,Mumbai,110,400029,Aditi Kharade,sonu@nivalink.in,,61506310,-,1
Beckman Coulter,6,Address,RSO Mumbai-Executive2,357,Mumbai,110,400029,Executive2,gmurkunde@becmancoulter.com,,022 30805134,-,1
Alembic Ltd - CHQ,6,Address,RSO Mumbai-Executive2,357,Mumbai,110,400029,Executive2,komal.dsouza@alembic.co.in,,022 30619738,(992) 079-0163,1
Bentley Systems India Private Limited,6,Address,RSO Mumbai-Aditi Kharade,357,Mumbai,110,400029,Aditi Kharade,jean.rodrgues@yahoo.co.in,,67031250,-,1
Philips Electronics India Limited,6,Address,RSO Mumbai-Aditi Kharade,357,Mumbai,110,400029,Aditi Kharade,rakesh.ramachandran@philips.com,,66912478,9930001248,1
Globe Forwarding Agencies,6,Address,RSO Mumbai-Executive2,357,Mumbai,110,400029,Executive2,sunit.patil@globeforwarding.com,,-,(976) 937-3177,1
Micro Inks Limited,6,Address,RSO Mumbai-Aditi Kharade,357,Mumbai,110,400029,Aditi Kharade,kavita.bhalerao@microinks.com,,28364313/14/15/16,9819327601,1
Bharat Tours & Travels,6,Address,RSO Mumbai-Aditi Kharade,357,Mumbai,110,400029,Aditi Kharade,bharattravels77@gmail.com,,(932) 006-7720 / 9820067720,(932) 006-7720 / 9820067720,1
Shah Vacation LLP,6,Address,RSO Mumbai-Aditi Kharade,357,Mumbai,110,400029,Aditi Kharade,shahtravels20@hotmail.com,,26103073,-,1
Saibless Holidays,6,Address,RSO Mumbai-Aditi Kharade,357,Mumbai,110,400029,Aditi Kharade,info@traveldhamaka.freshdesk.com,,022-24450051/52,9223594609,1
Krisia Holidays,6,Address,RSO Mumbai-Aditi Kharade,357,Mumbai,110,400029,Aditi Kharade,jagruti@krisia.com,,67401600,-,1
BPCL,6,Address,RSO Mumbai-Executive2,357,Mumbai,110,400029,Executive2,gokhalebv@bharatpetroleum.in,,22713347,-,1
Tellabs Chemicals Pvt Limited,6,Address,RSO Mumbai-Executive2,357,Mumbai,110,400029,Executive2,ajayadnala@telgroup.com,,67477900,(932) 452-2666,1
Ambassador Holidays,6,Address,RSO Mumbai-Aditi Kharade,357,Mumbai,110,400029,Aditi Kharade,lalita@ambassadorexpress.com,,022- 30281822,(983) 339-3253,1
Olympia Travels and Tours,6,Address,RSO Mumbai-Aditi Kharade,357,Mumbai,110,400029,Aditi Kharade,olymom@bom3.vsnl.net.in,,022 25013810,(932) 405-8414,1
Star 9 Holidays,6,Address,RSO Mumbai-Aditi Kharade,357,Mumbai,110,400029,Aditi Kharade,ceo@star9holidays.com,,+91 22 25933842,+ 91 9821177848,1
Exxon Mobil,6,Address,RSO Mumbai-Aditi Kharade,357,Mumbai,110,400029,Aditi Kharade,aneesh.prasad@exxonmobil.com,,+91 22 4272 0300,+91 99871 89077,1
Toshali Resort International,6,Address,RSO Mumbai-Aditi Kharade,357,Mumbai,110,400029,Aditi Kharade,operations@toshali-resorts.com,,67411762,9167240281,1
Mahindra Trucks & buses Ltd,6,Address,RSO Mumbai-Pawan Topkar,357,Mumbai,110,400029,Pawan Topkar,shitole.sandra@mahindra.com,,22 39132841,+91 9987507879,1
Accenture,6,Address,RSO Mumbai-Pawan Topkar,357,Mumbai,110,400029,Pawan Topkar,manoj.ingale@accenture.com,,022 22814000,-,1
NYK Line,6,Address,RSO Mumbai-Executive2,357,Mumbai,110,400029,Executive2,abigail_pereira@nykline.com,,022 66585356,-,1
Diageo India,6,Address,RSO Mumbai-Amit Janvalkar,357,Mumbai,110,400029,Amit Janvalkar,divya.pande@diageo.com,,67542525,-,1
Fuchs Lubricants (I) Pvt Limited,6,Address,RSO Mumbai-Amit Janvalkar,357,Mumbai,110,400029,Amit Janvalkar,randell.dias@fuchsindia.com,,66255900,(982) 137-3224,1
Ogilvy & Mather Advertising - CHQ,6,Address,RSO Mumbai-Amit Janvalkar,357,Mumbai,110,400029,Amit Janvalkar,mario.fernandes@ogilvy.com,,022 44344001,-,1
H & R Johnson (INDIA),6,Address,RSO Mumbai-Amit Janvalkar,357,Mumbai,110,400029,Amit Janvalkar,cheulkarvikram@hrjohnsonindia.com,,-,-,1
Edelweiss Tokio Life Insurance Company Limited,6,Address,RSO Mumbai-Amit Janvalkar,357,Mumbai,110,400029,Amit Janvalkar,mayur.puranik@edelweisstokio.in,,61177829,9766124473,1
Halliburton - CHQ,6,Address,RSO Mumbai-Amit Janvalkar,357,Mumbai,110,400029,Amit Janvalkar,jaya.kumar@halliburton.com,,022 67809500/28249500,9967606529,1
Walchand PeopleFirst Limited,6,Address,RSO Mumbai-Executive2,357,Mumbai,110,400029,Executive2,shailendra@walchandgroup.com,,-67818032,9321107744,1
Sunrise Travels,6,Address,RSO Mumbai-Pawan Topkar,357,Mumbai,110,400029,Pawan Topkar,kanan@travelnliving.com,,67020910/61949393,9.20E+11,1
Walchand PeopleFirst Limited,6,Address,RSO Mumbai-Executive2,357,Mumbai,110,400029,Executive2,priyanka_shah@walchandgroup.com,,-,9619843101,1
Bristol Myers- CHQ,6,Address,RSO Mumbai-Amit Janvalkar,357,Mumbai,110,400029,Amit Janvalkar,ramesh.kumar@bms.com,,022 66288600,-,1
Phila Tours & Travels Pvt Ltd,6,Address,RSO Mumbai-Pawan Topkar,357,Mumbai,110,400029,Pawan Topkar,philatours@philatourism.com,,+91 22-2560 5334/35/36,9930260730,1
Price Waterhouse & Co Chartered Accountants LLP,6,Address,RSO Mumbai-Aditi Kharade,357,Mumbai,110,400029,Aditi Kharade,prakash.yede@in.pwc.com,,61198000,9168371710,1
Inox Air Product,6,Address,RSO Mumbai-Amit Janvalkar,357,Mumbai,110,400029,Amit Janvalkar,sayed.irfan@inoxap.com,,022 40323960,9224446551,1
Riya Holidays,6,Address,RSO Mumbai-Aditi Kharade,357,Mumbai,110,400029,Aditi Kharade,product.bom@riya.travel,,6629 4949,67094949,1
Tata Motors limited - Elphinstone,6,Address,RSO Mumbai-Amit Janvalkar,357,Mumbai,110,400029,Amit Janvalkar,amit.malankar@tatamotors.com,,67577200,9029003881,1
Mahindra & Mahindra Ltd,6,Address,RSO Mumbai-Amit Janvalkar,357,Mumbai,110,400029,Amit Janvalkar,yamini.rumade@mahindrassg.com,,40903232,9987952929,1
Yes Bank,6,Address,RSO Mumbai-Amit Janvalkar,357,Mumbai,110,400029,Amit Janvalkar,karen.lopez@yesbank.in,,66229267,9930070823,1
Ericsson India Pvt. Ltd.,6,Address,RSO Mumbai-Amit Janvalkar,357,Mumbai,110,400029,Amit Janvalkar,sunil.bhaskaran@ericsson.com,,022 30654715,9619112723,1
Gammon Infrastructure Projects Limited,6,Address,RSO Mumbai-Amit Janvalkar,357,Mumbai,110,400029,Amit Janvalkar,mani.ps@gammoninfra.com,,2267487207,9892654063,1
Cyril Amarchand Mangaldas,6,Address,RSO Mumbai-Amit Janvalkar,357,Mumbai,110,400029,Amit Janvalkar,pritam.pandare@cyrilshroff.com,,22 2496 4455,9930846622,1
Cyril Amarchand Mangaldas,6,Address,RSO Mumbai-Amit Janvalkar,357,Mumbai,110,400029,Amit Janvalkar,deepak.jobanputra@cyrilshroff.com,,22 2496 4455,9820309190,1
Yes Bank,6,Address,RSO Mumbai-Amit Janvalkar,357,Mumbai,110,400029,Amit Janvalkar,smita.mahadik@yesbank.in,,66229267,9892792883,1
Raymond Limited,6,Address,RSO Mumbai-Aditi Kharade,357,Mumbai,110,400029,Aditi Kharade,jayesh.hinge@raymond.in,,61527949,7506074309,1
Marsh Capital,6,Address,RSO Mumbai-Amit Janvalkar,357,Mumbai,110,400029,Amit Janvalkar,sarath.nair@marsh.com,,-,7045922452,1
Chevron Philips Chemicals India Pvt Ltd,6,Address,RSO Mumbai-Aditi Kharade,357,Mumbai,110,400029,Aditi Kharade,badalv@cpchem.com,,22 6151 1000,9819 829 987,1
Elara Capital (I) PVt Ltd,6,Address,RSO Mumbai-Amit Janvalkar,357,Mumbai,110,400029,Amit Janvalkar,milind.dalvi@elaracapital.com,,2261648599,9820473412,1
Lions Club of Bombay Mandvi (East),6,Address,RSO Mumbai-Amit Janvalkar,357,Mumbai,110,400029,Amit Janvalkar,hiralsavla9@gmail.com,,-,+91 98211 23060,1
UTV Software Communications Ltd. - CHQ,6,Address,RSO Mumbai-Aditi Kharade,357,Mumbai,110,400029,Aditi Kharade,kashmira.sidhwa@disney.com,,022 40981400,9820242339,1
UCB India Pvt Ltd,6,Address,RSO Mumbai-Amit Janvalkar,357,Mumbai,110,400029,Amit Janvalkar,rebecca.misquitta@ucb.com,,022 40491111,9769473084,1
AGS Transact Tech Ltd,6,Address,RSO Mumbai-Amit Janvalkar,357,Mumbai,110,400029,Amit Janvalkar,yesha.gowda@agsindia.com,,022 67812196,9892679993,1
Sun Pharmaceuticals Industries Ltd - CHQ,6,Address,RSO Mumbai-Executive2,357,Mumbai,110,400029,Executive2,mabel.creado@sunpharma.com,,022 66969696,-,1
LIC Housing Finance Ltd,6,Address,RSO Mumbai-Executive2,357,Mumbai,110,400029,Executive2,leena@lichousing.com,,22644062,-,1
Moet Hennessy,6,Address,RSO Mumbai-Amit Janvalkar,357,Mumbai,110,400029,Amit Janvalkar,loretta.pereira@ap.moet-hennessy.com,,-,9819246535,1
LRN,6,Address,RSO Mumbai-Executive2,357,Mumbai,110,400029,Executive2,chandrasekharan.nair@lrn.com,,61514701,+91 993010-5533,1
Mahindra & Mahindra Ltd,6,Address,RSO Mumbai-Amit Janvalkar,357,Mumbai,110,400029,Amit Janvalkar,menzes.ikson@mahindra.com,,-,(989) 231-2224,1
Areva India Pvt Ltd,6,Address,RSO Mumbai-Amit Janvalkar,357,Mumbai,110,400029,Amit Janvalkar,ujwala.sail@areva.com,,-,(992) 074-5261,1
Pine Bridge Investment,6,Address,RSO Mumbai-Amit Janvalkar,357,Mumbai,110,400029,Amit Janvalkar,jasbirkaur.jabrat@pinebridge.com,,40312000,-,1
Future Supply Chain,6,Address,RSO Mumbai-Executive2,357,Mumbai,110,400029,Executive2,anshuman.singh@futuregroup.in,,2228370009,-,1
Future Supply Chain,6,Address,RSO Mumbai-Executive2,357,Mumbai,110,400029,Executive2,yasmin.merchant@futuresupplychains.com,,2230842231,-,1
Hinduja Group Limited,6,Address,RSO Mumbai-Amit Janvalkar,357,Mumbai,110,400029,Amit Janvalkar,ninianfernandez.hgl@hindujagroup.com,,24960707,+91 98200 17295,1
Union KBC Asset Management Co pvt Limited,6,Address,RSO Mumbai-Amit Janvalkar,357,Mumbai,110,400029,Amit Janvalkar,fidaus.guzder@unionkbc.com,,2483330,(989) 203-9161,1
ATC India Tower Corporation,6,Address,RSO Mumbai-Executive2,357,Mumbai,110,400029,Executive2,kushal.koli@atctower.in,,2240082700,-,1
Castrol India Limited - CHQ,6,Address,RSO Mumbai-Aditi Kharade,357,Mumbai,110,400029,Aditi Kharade,raunak.garg@se1.bp.com,,022 66984380,+91 9930677315,1
Areva India Pvt Ltd,6,Address,RSO Mumbai-Amit Janvalkar,357,Mumbai,110,400029,Amit Janvalkar,santosh.kumar@areva.com,,-,(983) 302-4347,1
Hinduja Group Limited,6,Address,RSO Mumbai-Amit Janvalkar,357,Mumbai,110,400029,Amit Janvalkar,kartik.hgl@hindujagroup.com,,24960707,-,1
Hinduja Group Limited,6,Address,RSO Mumbai-Amit Janvalkar,357,Mumbai,110,400029,Amit Janvalkar,avanti.hgl@hindujagroup.com,,24960707,-,1
SI Group,6,Address,RSO Mumbai-Pawan Topkar,357,Mumbai,110,400029,Pawan Topkar,prakash.karekar@siigroup.com,,022 - 6673 2000 / 6673 2006,-,1
AGS Transact Tech Ltd,6,Address,RSO Mumbai-Amit Janvalkar,357,Mumbai,110,400029,Amit Janvalkar,devaray.nayak@agsindia.com,,-,9821784285,1
Mobileum Technologies,6,Address,RSO Mumbai-Aditi Kharade,357,Mumbai,110,400029,Aditi Kharade,prakash.poojary@mobileum.com,,+91 22 2570 2979,+91 98338 95599,1
WAAREE ENERGIES PRIVATE LIMITED,6,Address,RSO Mumbai-Executive2,357,Mumbai,110,400029,Executive2,travel@waaree.com,,(226) 644-4409,-,1
General Mills,6,Address,RSO Mumbai-Executive2,357,Mumbai,110,400029,Executive2,uttam.dhuru@genmills.com,,022 40430430,-,1
Dhruva Advisors,6,Address,RSO Mumbai-Amit Janvalkar,357,Mumbai,110,400029,Amit Janvalkar,perpetualfernandes@dhruvaadvisors.com,,-,-,1
Glenmark Pharmaceuticals - CHQ,6,Address,RSO Mumbai-Executive2,357,Mumbai,110,400029,Executive2,kirantathare@glenmarkpharma.com,,9.12E+11,-,1
Khaitan & Co,6,Address,RSO Mumbai-Amit Janvalkar,357,Mumbai,110,400029,Amit Janvalkar,madhu.vachhani@khaitanco.com,,-,9820579014,1
Heinz India Pvt Limited,6,Address,RSO Mumbai-Amit Janvalkar,357,Mumbai,110,400029,Amit Janvalkar,sudhakar.bansali@in.hjheinz.com,,022 40085555,-,1
Gumpro Drilling Fluids Pvt Ltd,6,Address,RSO Mumbai-Pawan Topkar,357,Mumbai,110,400029,Pawan Topkar,bskadoo@gumprodf.com,,9.12E+11,(981) 918-4409,1
Forvol International Services Limited,6,Address,RSO Mumbai-Aditi Kharade,357,Mumbai,110,400029,Aditi Kharade,sonia.forvol@shapoorji.com,,661941111,9892484817,1
Incredible Vacations,6,Address,RSO Mumbai-Aditi Kharade,357,Mumbai,110,400029,Aditi Kharade,george@incrediblevacationsindia.com,,2385 3732 / 2382 2938,91-9867622121 / 91-9833664488,1
Glenmark Pharmaceuticals - CHQ,6,Address,RSO Mumbai-Executive2,357,Mumbai,110,400029,Executive2,amalg@glenmarkpharma.com,,022 40189999,(986) 904-6094,1
Bohler Welding Group India Pvt. Ltd. - CHQ,6,Address,RSO Mumbai-Aditi Kharade,357,Mumbai,110,400029,Aditi Kharade,jayshree.bardey@bwgindia.com,,9.12E+11,(982) 157-4088,1
Cipla Ltd - CHQ,6,Address,RSO Mumbai-Amit Janvalkar,357,Mumbai,110,400029,Amit Janvalkar,kashyap.biyani@cipla.com,,022 23082891,(981) 916-0878,1
"Tata Consultancy Services - HQ, BOM",6,Address,RSO Mumbai-Amit Janvalkar,357,Mumbai,110,400029,Amit Janvalkar,adinath.g@tcs.com,,22 6778 9045,677 89140,1
RBS,6,Address,RSO Mumbai-Amit Janvalkar,357,Mumbai,110,400029,Amit Janvalkar,jitesh.vaidya@rbs.com,,022 66647500,-,1
Tamarind Global - Mumbai,6,Address,RSO Mumbai-Aditi Kharade,357,Mumbai,110,400029,Aditi Kharade,rohitj@tamarindtours.in,,022 66802500,(992) 007-0494,1
Forvol International Services Limited,6,Address,RSO Mumbai-Aditi Kharade,357,Mumbai,110,400029,Aditi Kharade,toursibt.forvol@shapoorji.com,,22885610/61941114,-,1
Boston Consulting Group India - CHQ -,6,Address,RSO Mumbai-Amit Janvalkar,357,Mumbai,110,400029,Amit Janvalkar,parekh.khyati@bcg.com,,022 67497000/67497056,9619902991,1
Mercury Travels,6,Address,RSO Mumbai-Aditi Kharade,357,Mumbai,110,400029,Aditi Kharade,ajay.bhatia@mercurytravels.in,,022 66150623,(981) 962-0700,1
Glaxo Smith Kline,6,Address,RSO Mumbai-Amit Janvalkar,357,Mumbai,110,400029,Amit Janvalkar,pooja.h.desai@gsk.com,,022 24959372,-,1
Integrated Enterprise (India) Limited,6,Address,RSO Mumbai-Executive2,357,Mumbai,110,400029,Executive2,sriram@integratedindia.in,,+ 91 22 4066 1800,+91 98331 96677,1
BASF India Ltd.,6,Address,RSO Mumbai-Aditi Kharade,357,Mumbai,110,400029,Aditi Kharade,ajay.sharma@basf.com,,022 66618142,8879449110,1
Pegasus Conference Services Pvt.Ltd,6,Address,RSO Mumbai-Aditi Kharade,357,Mumbai,110,400029,Aditi Kharade,nirav.desai@pegasus-india.com,,26245018/ 26249392,+91 9820010853,1
Knight Frank India Ltd - CHQ,6,Address,RSO Mumbai-Amit Janvalkar,357,Mumbai,110,400029,Amit Janvalkar,rajshekhar.jakkula@in.knightfrank.com,,022 22670876,9920356547,1
Ezeego one Travel and Tours Ltd,6,Address,RSO Mumbai-Aditi Kharade,357,Mumbai,110,400029,Aditi Kharade,mohsin.khan@ezeego1.com,,022 67309400/61969696,9167118387,1
Sony,6,Address,RSO Mumbai-Aditi Kharade,357,Mumbai,110,400029,Aditi Kharade,namita.more@ap.sony.com,,022 67079050,9820996916,1
Zenith Hospitality - RMO West,6,Address,RSO Mumbai-Aditi Kharade,357,Mumbai,110,400029,Aditi Kharade,mumbai@zenithholidays.com,,40369000,9819268969,1
Yes Bank,6,Address,RSO Mumbai-Amit Janvalkar,357,Mumbai,110,400029,Amit Janvalkar,reshma.d'souza@yesbank.in,,33669000,-,1
