AKASH GLOBAL FOOD PVT LTD,6,"3, Jawahar Marg, Siyaganj, Indore, Sanwer Road",indore-ANANYA SHARMA,326,Indore,110,452001,ANANYA SHARMA,indore@gmail.com,,1111111111,,1
"ALCON LABORATORIES INDIA ,",6,"Sch. No. 94, Near Bombay Hospital, Ring Road",indore-ANANYA SHARMA,326,Indore,110,452001,ANANYA SHARMA,indore@gmail.com,,1111111111,,1
AMAR RAJA BATTERIES LTD,6,"Prime House, 2nd floor, B-Block, GF-33, Meghdoot park road, Vijaya Nagar, Mahalaxmi Nagar Colony,",indore-ANANYA SHARMA,326,Indore,110,452001,ANANYA SHARMA,indore@gmail.com,,1111111111,,1
ASIAN PAINTS ( INDIA ) LTD.,6,Dhan Trident (6th Floor) Opp. Satya Sai School. Bombay Hospital Road.,indore-ANANYA SHARMA,326,Indore,110,452001,ANANYA SHARMA,indore@gmail.com,,1111111111,,1
AU SMALL FINANCE BANK LIMITED,6,Dhan Trident (6th Floor) Opp. Satya Sai School. Bombay Hospital Road.,indore-ANANYA SHARMA,326,Indore,110,452001,ANANYA SHARMA,indore@gmail.com,,1111111111,,1
BANK OF BARODA,6,"Baroda Complex, Plot no 12, R.C, 1st Floor, Scheme 134, Nipania,",indore-ANANYA SHARMA,326,Indore,110,452001,ANANYA SHARMA,indore@gmail.com,,1111111111,,1
BAYER CROP SCIENCE INDIA L,6,"Sch. No. 78, Before SBI Training Center",indore-ANANYA SHARMA,326,Indore,110,452001,ANANYA SHARMA,indore@gmail.com,,1111111111,,1
BHANDARI HOSPITAL,6,"21-23 G F, Scheme No. 54 Opp. Meghdoot Garden",indore-ANANYA SHARMA,326,Indore,110,452001,ANANYA SHARMA,indore@gmail.com,,1111111111,,1
CANARA BANK,6,"Omega Tower (3 Floor), Sayaji Club Road, Near Hotel Sayaji",indore-ANANYA SHARMA,326,Indore,110,452001,ANANYA SHARMA,indore@gmail.com,,1111111111,,1
CENTRAL INDIA INSTITUTE OF,6,"ICAI Bhawan, 19 B, Sch. 78, Part 2, Near Sica School",indore-ANANYA SHARMA,326,Indore,110,452001,ANANYA SHARMA,indore@gmail.com,,1111111111,,1
CENTURY PLYWOOD,6,"Police Station, 96/11 SR Compound, Ist Lane, AB Rd, opposite Lasudiya",indore-ANANYA SHARMA,326,Indore,110,452001,ANANYA SHARMA,indore@gmail.com,,1111111111,,1
CHAMBAL FERTILIZERS & CHEMICALS,6,"Vikram Urban, Floor 2, Near Hotel Sayaji Main Road",indore-ANANYA SHARMA,326,Indore,110,452001,ANANYA SHARMA,indore@gmail.com,,1111111111,,1
CHOKSI LABORATORIES LTD,6,"9/1, Tulsiyana Industrial Park, Kumedi",indore-ANANYA SHARMA,326,Indore,110,452001,ANANYA SHARMA,indore@gmail.com,,1111111111,,1
CHOLAMANDALAM INVESTME NT AND,6,"M-8, M-9 & M10, Mezanine floor Plot No. 7, Scheme No.54 PU-4 Commercial,A.B. Road, near Vijay Nagar Square",indore-ANANYA SHARMA,326,Indore,110,452001,ANANYA SHARMA,indore@gmail.com,,1111111111,,1
CHOLAMANDALAM MS GENER,6,"M-8, M-9 & M10, Mezanine floor Plot No. 7, Scheme No.54 PU-4 Commercial,A.B. Road, near Vijay Nagar Square",indore-ANANYA SHARMA,326,Indore,110,452001,ANANYA SHARMA,indore@gmail.com,,1111111111,,1
"DARLING PUMPS PVT LTD,",6,"31, Sanwer Rd Industrial Area, Sector C, Sanwer Road",indore-ANANYA SHARMA,326,Indore,110,452001,ANANYA SHARMA,indore@gmail.com,,1111111111,,1
DEE TEE INDUSRTIES LTD.,6,"31, Sanwer Rd Industrial Area, Sector C, Sanwer Road",indore-ANANYA SHARMA,326,Indore,110,452001,ANANYA SHARMA,indore@gmail.com,,1111111111,,1
DHANUKA AGRITECH LTD,6,"Vikram Urban, 202-203, Near Hotel Sayaji Main Road",indore-ANANYA SHARMA,326,Indore,110,452001,ANANYA SHARMA,indore@gmail.com,,1111111111,,1
"DHANUKA GROUP,",6,"36-F, Sanwer Rd, Sector B, Sanwer Road Industrial Area",indore-ANANYA SHARMA,326,Indore,110,452001,ANANYA SHARMA,indore@gmail.com,,1111111111,,1
GOENKA OFFSET PRINTERS (P),6," 25-A, Kila Maidan, Industrial Area, Laxmi Bai Nagar",indore-ANANYA SHARMA,326,Indore,110,452001,ANANYA SHARMA,indore@gmail.com,,1111111111,,1
HD WIRES,6,"7-20, Sector E, Sanwer Road Industrial Area",indore-ANANYA SHARMA,326,Indore,110,452001,ANANYA SHARMA,indore@gmail.com,,1111111111,,1
HINDUSTAN EQUIPMENTS PVT LTD,6,"Sec. C, Sanwer Road",indore-ANANYA SHARMA,326,Indore,110,452001,ANANYA SHARMA,indore@gmail.com,,1111111111,,1
HINDUSTAN EQUIPMENTS PVT LTD,6,"Sec. C, Sanwer Road",indore-ANANYA SHARMA,326,Indore,110,452001,ANANYA SHARMA,indore@gmail.com,,1111111111,,1
ICICI PRUDENTIAL LIFE INSUR,6," 509 & 510, Shagun Arcade, Plot No-8 Scheme no-54, Vijay Nagar Circle AB road, Indore Shagun Arcade Mall, Vijay Nagar Square",indore-ANANYA SHARMA,326,Indore,110,452001,ANANYA SHARMA,indore@gmail.com,,1111111111,,1
IDEA CELLULAR LTD,6,"1st Floor,Brilliant Solitaire, Scheme No. 98, Part 2, Vijay Nagar",indore-ANANYA SHARMA,326,Indore,110,452001,ANANYA SHARMA,indore@gmail.com,,1111111111,,1
IMAPG INDIA PVT LTD ,6,"Plot No. 369/2, Gram Limbodagari, Sanwer Road",indore-ANANYA SHARMA,326,Indore,110,452001,ANANYA SHARMA,indore@gmail.com,,1111111111,,1
INOX AIR PRODUCTS LTD,6,"Near railway crossing, new gori nagar road, Sector D1, Sanwer Road Industrial Area, Sanwer Road",indore-ANANYA SHARMA,326,Indore,110,452001,ANANYA SHARMA,indore@gmail.com,,1111111111,,1
KHK PRESSING & FORGINGS PVT. LTD.,6,"Ujjain - Indore Rd, Ringnodiya,Sanwer Road",indore-ANANYA SHARMA,326,Indore,110,452001,ANANYA SHARMA,indore@gmail.com,,1111111111,,1
KRIBHCO FERTILISERS,6,"Sch. No. 94, Ring Road, Near Bombay Hospital",indore-ANANYA SHARMA,326,Indore,110,452001,ANANYA SHARMA,indore@gmail.com,,1111111111,,1
M.B. INDUSTRIES PRIVATE LIMIT,6,"QR3W+WHP, Sector A, Sanwer Road Industrial Area,",indore-ANANYA SHARMA,326,Indore,110,452001,ANANYA SHARMA,indore@gmail.com,,1111111111,,1
"MAGMA FINCROP LIMITED,",6,"Metro tower(B-2), Near Vijay Nagar Square, AB Road",indore-ANANYA SHARMA,326,Indore,110,452001,ANANYA SHARMA,indore@gmail.com,,1111111111,,1
MAGMA HOUSING FINANCE,6,"Metro tower(B-2), Near Vijay Nagar Square, AB Road",indore-ANANYA SHARMA,326,Indore,110,452001,ANANYA SHARMA,indore@gmail.com,,1111111111,,1
"MAHAKALI FOODS PVT LTD,",6,"8, Kanadia Road, Bengali Colony,",indore-ANANYA SHARMA,326,Indore,110,452001,ANANYA SHARMA,indore@gmail.com,,1111111111,,1
"MANKIND PHARMA,",6,"QWF4+VJ2, TT Nagar, Lasudia Mori",indore-ANANYA SHARMA,326,Indore,110,452001,ANANYA SHARMA,indore@gmail.com,,1111111111,,1
METHODEX SYSTEMS LIMITED,6,"PRHR+HC7, Industrial Area Laxmibai Nagar, Laxmibai Nagar",indore-ANANYA SHARMA,326,Indore,110,452001,ANANYA SHARMA,indore@gmail.com,,1111111111,,1
NABARD,6,"276, Ch, Scheme No. 74 C, Vijay Nagar",indore-ANANYA SHARMA,326,Indore,110,452001,ANANYA SHARMA,indore@gmail.com,,1111111111,,1
Naidunia,6,"Vikram Urban, 401-512, Near Hotel Sayaji Main Road",indore-ANANYA SHARMA,326,Indore,110,452001,ANANYA SHARMA,indore@gmail.com,,1111111111,,1
NARMADA CONTROL AUTHORITY,6,"Near Sayaji, Vijay Nagar",indore-ANANYA SHARMA,326,Indore,110,452001,ANANYA SHARMA,indore@gmail.com,,1111111111,,1
NITCO TILES LTD.,6,"pp Tata Motors Dewas Naka, A.B. Road, Navlakha",indore-ANANYA SHARMA,326,Indore,110,452001,ANANYA SHARMA,indore@gmail.com,,1111111111,,1
NMIMS - SHIRPUR,6,Super Corridor,indore-ANANYA SHARMA,326,Indore,110,452001,ANANYA SHARMA,indore@gmail.com,,1111111111,,1
NUVOCO VISTAS CORPORATION LIM,6,Dhan Trident (2nd Floor)Opp. Satya Sai School. Bombay Hospital Road.,indore-ANANYA SHARMA,326,Indore,110,452001,ANANYA SHARMA,indore@gmail.com,,1111111111,,1
OASIS DISTILLERIES LTD,6,"Metro tower(B-2), Near Vijay Nagar Square, AB Road",indore-ANANYA SHARMA,326,Indore,110,452001,ANANYA SHARMA,indore@gmail.com,,1111111111,,1
ORIENT PAPER & INDUSTRIES LTD. - GOENKA OFFSET RATES,6," 25-A, Kila Maidan, Industrial Area, Laxmi Bai Nagar",indore-ANANYA SHARMA,326,Indore,110,452001,ANANYA SHARMA,indore@gmail.com,,1111111111,,1
OVERSEAS TOURS,6,"EF-2, Kishorepura House, Scheme No.54, Vijay Nagar,",indore-ANANYA SHARMA,326,Indore,110,452001,ANANYA SHARMA,indore@gmail.com,,1111111111,,1
PAPER TRADE LINKS ,6,"117B Pologround Pologround Industrial Estate, Nanda Nagar, Industrial Estate Ahead of IPCA Laboratories, Follow PTL signboards opposite S B,",indore-ANANYA SHARMA,326,Indore,110,452001,ANANYA SHARMA,indore@gmail.com,,1111111111,,1
PARLE PRODUCTS LIMITED......,6,"Metro Tower, near Mangal city, Vijay Nagar, Scheme 54 PU4,",indore-ANANYA SHARMA,326,Indore,110,452001,ANANYA SHARMA,indore@gmail.com,,1111111111,,1
POTOMAC TECHNOLOGIES PVT. LTD,6,"No. 6A, Vijay Nagar, Indore,",indore-ANANYA SHARMA,326,Indore,110,452001,ANANYA SHARMA,indore@gmail.com,,1111111111,,1
PRESTIGE INSITITUTE OF MGT,6,"Scheme No. 74 C, Sec. D, Vijay Nagar",indore-ANANYA SHARMA,326,Indore,110,452001,ANANYA SHARMA,indore@gmail.com,,1111111111,,1
REGUS BUSINESS CENTRE,6,"6th Floor, Brilliant Solitaire, Scheme No. 98, Part 2, Vijay Nagar",indore-ANANYA SHARMA,326,Indore,110,452001,ANANYA SHARMA,indore@gmail.com,,1111111111,,1
RUCHI SOYA INDUSTRIES LTD,6,"Metro Tower(6 Floor), Near Vijay Nagar Square, AB Road",indore-ANANYA SHARMA,326,Indore,110,452001,ANANYA SHARMA,indore@gmail.com,,1111111111,,1
"SBI LIFE INSURANCE CO.LTD,",6,"Omega Tower (6 Floor), Sayaji Club Road, Near Hotel Sayaji",indore-ANANYA SHARMA,326,Indore,110,452001,ANANYA SHARMA,indore@gmail.com,,1111111111,,1
SCHNEIDER ELECTRIC INDIA LIMITED,6,Dhan Trident (3rd Floor)Opp. Satya Sai School. Bombay Hospital Road.,indore-ANANYA SHARMA,326,Indore,110,452001,ANANYA SHARMA,indore@gmail.com,,1111111111,,1
SCIENTECH TECHNOLOGIES PVT LIMITED,6,"94, Electronic Complex, Sukhlia",indore-ANANYA SHARMA,326,Indore,110,452001,ANANYA SHARMA,indore@gmail.com,,1111111111,,1
SHRI VAISHNAV INSTITUTE OF TE,6," Ujjain Road Gram Baroli, Indore, Sanwer Road",indore-ANANYA SHARMA,326,Indore,110,452001,ANANYA SHARMA,indore@gmail.com,,1111111111,,1
SHRI VAISHNAV VIDYAPEETH VISH,6," Ujjain Road Gram Baroli, Indore, Sanwer Road",indore-ANANYA SHARMA,326,Indore,110,452001,ANANYA SHARMA,indore@gmail.com,,1111111111,,1
SHRIRAM GROUP COM IES,6,"201 Apollo Trade Centre 10, Gita Bhawan Rd, Manorama Ganj",indore-ANANYA SHARMA,326,Indore,110,452001,ANANYA SHARMA,indore@gmail.com,,1111111111,,1
SHRIRAM LIFE INSU CO,6,"Aarna Square, Scheme No. 78, AB Road",indore-ANANYA SHARMA,326,Indore,110,452001,ANANYA SHARMA,indore@gmail.com,,1111111111,,1
"SHRIRAM PISTON & RINGS LTD,",6,"Ashok Nagar Rd, Newale Wasti",indore-ANANYA SHARMA,326,Indore,110,452001,ANANYA SHARMA,indore@gmail.com,,1111111111,,1
SHRIRAM TRANSPORT FINANCE CO.LTD.,6," 201 Apollo Trade Centre 10, Gita Bhawan Rd, Manorama Ganj,",indore-ANANYA SHARMA,326,Indore,110,452001,ANANYA SHARMA,indore@gmail.com,,1111111111,,1
SONI SOYA PRODUCTS PRIVATE LI,6," 350, Goyal Nagar Ring Rd, Ashish Nagar, Indore",indore-ANANYA SHARMA,326,Indore,110,452001,ANANYA SHARMA,indore@gmail.com,,1111111111,,1
TATA CAPITAL LIMITED,6," 6, Mahatma Gandhi Road, Near TI Mall, Indore,",indore-ANANYA SHARMA,326,Indore,110,452001,ANANYA SHARMA,indore@gmail.com,,1111111111,,1
TATA CHEMICALS LIMITED.,6,"VXHC+W29, Baroda Arjun, Madhya Pradesh",indore-ANANYA SHARMA,326,Indore,110,452001,ANANYA SHARMA,indore@gmail.com,,1111111111,,1
TUBE INVESTMENTS OF INDIA,6,"Plot no, 11C, Ring Rd, TT Nagar, Scheme No 94 Sector EB",indore-ANANYA SHARMA,326,Indore,110,452001,ANANYA SHARMA,indore@gmail.com,,1111111111,,1
UJAAS ENERGY LIMITED,6,"Metalman, Survey No 211/1, opposite Sector C, Sanwer Road Industrial Area,",indore-ANANYA SHARMA,326,Indore,110,452001,ANANYA SHARMA,indore@gmail.com,,1111111111,,1
Wirtgen India Pvt Ltd,6,"Scheme No. 94, Ring Road, Indore-452010",indore-ANANYA SHARMA,326,Indore,110,452001,ANANYA SHARMA,indore@gmail.com,,1111111111,,1
AXIS BANK - UTI BANK LIMITED - ,6,"3rd Flr, Scheme no 54, Dhan trident Blk No B3, Vijay nagar square, AB Rd, Opposite Satya Sai School, Indore, Madhya Pradesh ",indore-DEEPAK SAHU,326,Indore,110,452010,DEEPAK SAHU,indore@gmail.com,,1111111111,,1
BAJAJ FINANCE LTD.,6,"UG 2 Ground Floor ,Airen Height plot no 13 14 PU 3 Scheme no 54 - near Telepeformance, AB Rd, Opposite C-21 Mall, Vijay Nagar, Indore, Madhya Pradesh ",indore-DEEPAK SAHU,326,Indore,110,452001,DEEPAK SAHU,indore@gmail.com,,1111111111,,1
DAINIK BHASKAR PRESS,6,"4/54, Press Complex, Opposite Nilgiri College Of Professional Studies, A B Road, Indore - 452017, Madhya Pradesh, India.",indore-DEEPAK SAHU,326,Indore,110,452001,DEEPAK SAHU,indore@gmail.com,,1111111111,,1
TATA STEEL,6,"Plot No. B1 BU-4, AB Rd, Vijay Nagar Square, NRK Business Park, Scheme No.54, Vijay Nagar, Indore, Madhya Pradesh ",indore-DEEPAK SAHU,326,Indore,110,452010,DEEPAK SAHU,indore@gmail.com,,1111111111,,1
Maruti  Suzuki India Ltd ,6,3rd Floor Commerce House in A B Road.  7 Race Course Road -M.P,indore-DEEPAK SAHU,326,Indore,110,452001,DEEPAK SAHU,indore@gmail.com,,1111111111,,1
"COROMANDEL INTERNATIONAL LTD,",6,"Shekhar central, AB Rd, Manorama Ganj, Indore, Madhya Pradesh ",indore-DEEPAK SAHU,326,Indore,110,452018,DEEPAK SAHU,indore@gmail.com,,1111111111,,1
STEEL AUTHORITY OF INDIA ,6,", 3rd Floor, Fortune, Ambience, 4/2, South Tukoganj, Indore, Madhya Pradesh ",indore-DEEPAK SAHU,326,Indore,110,452001,DEEPAK SAHU,indore@gmail.com,,1111111111,,1
PROCTER & GAMBEL INDIA LTD-POWER TELEVENTURE,6,"Distibutor-India / Madhya Pradesh / Indore / Lasudia Mori, Dewas Naka, 13, SK1",indore-DEEPAK SAHU,326,Indore,110,452001,DEEPAK SAHU,indore@gmail.com,,1111111111,,1
Ultratech Cement Limited - GRASIM,6,"Oasis Trade Centre Plot no 13, 3rd floor, Yeshwant Niwas Rd, New Palasia, Indore, Madhya Pradesh ",indore-DEEPAK SAHU,326,Indore,110,452001,DEEPAK SAHU,indore@gmail.com,,1111111111,,1
AKZO NOBLE INDIA LTD,6," 2, Nemawar Rd, Udhyog Nagar, Palda, Indore, Madhya Pradesh ",indore-DEEPAK SAHU,326,Indore,110,452001,DEEPAK SAHU,indore@gmail.com,,1111111111,,1
TVS MOTORS ,6,"Satguru Parinay AB Rd, Scheme 54 PU4, Indore, Madhya Pradesh ",indore-DEEPAK SAHU,326,Indore,110,452011,DEEPAK SAHU,indore@gmail.com,,1111111111,,1
LG ELECTRONICS INDIA PVT ,6,"301- A, 3rd Floor Nrk Business Park, A B Road, Indore ",indore-DEEPAK SAHU,326,Indore,110,452001,DEEPAK SAHU,indore@gmail.com,,1111111111,,1
BAJAJ ALLIANZ GEN INSURAN,6,"Commerce House, 4th, 7, Race Course Rd, Indore, Madhya Pradesh ",indore-DEEPAK SAHU,326,Indore,110,452001,DEEPAK SAHU,indore@gmail.com,,1111111111,,1
ADANI ENTERPRISES - ADANI WILMAR LTD,6,"Office no. 508, 5th Floor, CS Naidu Arcade, 301, Lala Banarasilal Dawar Marg, Near Janjeerwala Square, New Palasia, Indore, Madhya Pradesh ",indore-DEEPAK SAHU,326,Indore,110,452001,DEEPAK SAHU,indore@gmail.com,,1111111111,,1
IDBI BANK LTD.,6,"16-C, Omni Palace Hotel, Ratlam Kothi Main Road, Near Geeta Bhavan Square, South Tukoganj, Indore, Madhya Pradesh ",indore-DEEPAK SAHU,326,Indore,110,452001,DEEPAK SAHU,indore@gmail.com,,1111111111,,1
GODFREY PHILLIPS INDIA LTD,6,"Macropolo Building, Kalachowky, Lal Baug, Dr Baba Saheb Ambedkar Rd, Ghodapdeo, Byculla East, Byculla, Mumbai, Maharashtra ",indore-DEEPAK SAHU,326,Indore,110,400033,DEEPAK SAHU,indore@gmail.com,,1111111111,,1
BAJAJ ALLIANZE LIFE INSU CO,6," Bajaj Allianz Life Insurance Co. Ltd. 501, 502, 503, 504, 507 and 508, 5th Floor, The ONE, 5 RNT Marg, Indore, Madhya Pradesh .",indore-DEEPAK SAHU,326,Indore,110,452001,DEEPAK SAHU,indore@gmail.com,,1111111111,,1
"SONIC BIOCHEM EXTRACTION,S PVT.LTD.",6,"38 near Tower Square, Patel Nagar, Indore, Madhya Pradesh ",indore-DEEPAK SAHU,326,Indore,110,452001,DEEPAK SAHU,indore@gmail.com,,1111111111,,1
"PI INDUSTRIES,",6,"Free Press, Swadesh Bhawan, No. 3/54, AB Rd, Indore, Madhya Pradesh ",indore-DEEPAK SAHU,326,Indore,110,452008,DEEPAK SAHU,indore@gmail.com,,1111111111,,1
BERGER PAINTS INDIA LTD.,6," 2, Nemawar Rd, Udhyog Nagar, Palda, Indore, Madhya Pradesh ",indore-DEEPAK SAHU,326,Indore,110,452001,DEEPAK SAHU,indore@gmail.com,,1111111111,,1
STATE BANK OF MYSORE,6,Sunrise Towers 579 M G Road ,indore-DEEPAK SAHU,326,Indore,110,452001,DEEPAK SAHU,indore@gmail.com,,1111111111,,1
BAJAJ ELECTRICAL LIMITED,6,"Commerce House, 3, Road, 7, Race Course Rd, Race Course Road, Indore, Madhya Pradesh ",indore-DEEPAK SAHU,326,Indore,110,452001,DEEPAK SAHU,indore@gmail.com,,1111111111,,1
STATE BANK OF PATIALA,6," No.54, AB Rd, Bhanvarkuan, Scheme No 74C, Vijay Nagar, Indore, Madhya Pradesh ",indore-DEEPAK SAHU,326,Indore,110,452001,DEEPAK SAHU,indore@gmail.com,,1111111111,,1
STATE BANK OF INDIA,6," SBI Campus, Murai Mohalla, South Tukoganj, near G.P.O, Indore, Madhya Pradesh ",indore-DEEPAK SAHU,326,Indore,110,452001,DEEPAK SAHU,indore@gmail.com,,1111111111,,1
KAJARIA CERAMICS LIMITED,6,"No.15/2 Meera Path, Meera Path Colony Rd, beside BSNL office, Nehru Park 2, Color, Indore, Madhya Pradesh ",indore-DEEPAK SAHU,326,Indore,110,452001,DEEPAK SAHU,indore@gmail.com,,1111111111,,1
FORBES & COMPANY LTD,6,"115-116, Commerce House, 7/2, Race Course Rd, 11 Bungalow Colony, New Palasia, Indore, Madhya Pradesh ",indore-DEEPAK SAHU,326,Indore,110,452001,DEEPAK SAHU,indore@gmail.com,,1111111111,,1
BANK OF MAHARASHTRA,6,"No 18, Kanchan Sagar, AB Rd, New Palasia, Indore, Madhya Pradesh ",indore-DEEPAK SAHU,326,Indore,110,452001,DEEPAK SAHU,indore@gmail.com,,1111111111,,1
ESSAR OIL LIMITED ,6,"10,111, Milindas Manaor, 2, RNT Marg, Near Ravindra Natya Grah, Chhoti Gwaltoli, Indore, Madhya Pradesh ",indore-DEEPAK SAHU,326,Indore,110,452001,DEEPAK SAHU,indore@gmail.com,,1111111111,,1
"METRO CASH & CARRY (I) PVT LTD,",6,"Piplia Mandi, Near, Niranjanpur Cir, Dewas Naka, Village, Indore, Madhya Pradesh ",indore-DEEPAK SAHU,326,Indore,110,452010,DEEPAK SAHU,indore@gmail.com,,1111111111,,1
"Daikin Airconditioning India,",6,"AB Rd, Scheme 54 PU4, Indore, Madhya Pradesh ",indore-DEEPAK SAHU,326,Indore,110,452011,DEEPAK SAHU,indore@gmail.com,,1111111111,,1
FORBES MARSHALL,6,"Sector B, Scheme No. 94,Near Bombay Hospital. INDORE- 452 010. (M.P.), INDIA. Phone No.+91-731-4088675.",indore-DEEPAK SAHU,326,Indore,110,452010,DEEPAK SAHU,indore@gmail.com,,1111111111,,1
DHL WORLDWIDE EXPRESS,6,"Ground floor, 25/1, Shirish Chamber, Opp. Rani Sati Gate Yashwant Niwas Road, Indore, Madhya Pradesh ",indore-DEEPAK SAHU,326,Indore,110,452003,DEEPAK SAHU,indore@gmail.com,,1111111111,,1
AVANTIKA GAS LIMITED,6,"202-B, 2nd Floor, NRK Business Park, Vijay Nagar Square Agra, AB Rd, Indore, Madhya Pradesh ",indore-DEEPAK SAHU,326,Indore,110,452010,DEEPAK SAHU,indore@gmail.com,,1111111111,,1
DOSHI & DOSHI CONSULTANTS,6,"M.G. Road, 401 - City Centre, 570, Yeshwant Niwas Rd, Indore, Madhya Pradesh ",indore-DEEPAK SAHU,326,Indore,110,452001,DEEPAK SAHU,indore@gmail.com,,1111111111,,1
DORMA INDIA PVT LTD ,6,"MIG -AB Road, Indore, Madhya Pradesh",indore-DEEPAK SAHU,326,Indore,110,452001,DEEPAK SAHU,indore@gmail.com,,1111111111,,1
ATLAS COPCO INDIA LIMITED,6,"Seva Nagar, Dapodi, Pune, Maharashtra ",indore-DEEPAK SAHU,326,Indore,110,452010,DEEPAK SAHU,indore@gmail.com,,1111111111,,1
AARONE DEVELOPERS,6,"G.F, Metro Tower, AB Road, Scheme No.54, Vijay Nagar, Indore, Madhya Pradesh ",indore-DEEPAK SAHU,326,Indore,110,452010,DEEPAK SAHU,indore@gmail.com,,1111111111,,1
"JK CEMENT WORKS,",6,"601-B, Block B-1, PU-4, Mangal City Service Rd, N R K Business Park,Vijay Nagar Square, Scheme No.54, Vijay Nagar,",indore-DEEPAK SAHU,326,Indore,110,452001,DEEPAK SAHU,indore@gmail.com,,1111111111,,1
ASSOCIATED ALCOHOLS & BREWERIE,6,"PK STAR, 4th Floor Above Shopper Stop (M.P.), B-1, LIG Main Road, L.I.G. Chouraha, Ambedkar Nagar, L I G Colony, Indore, Madhya Pradesh ",indore-DEEPAK SAHU,326,Indore,110,452010,DEEPAK SAHU,indore@gmail.com,,1111111111,,1
"ALFA LAVAL (INDIA) LIMITED,",6,"Office No. 301, Global Port Building Survey No. 45/1, 10, Pune Banglore Highway Pashan Exit, Baner, Pune, Maharashtra ",indore-DEEPAK SAHU,326,Indore,110,411045,DEEPAK SAHU,indore@gmail.com,,1111111111,,1
MP Agro Nutrifoods Ltd. C/o A,6,"31,Jeevandeep Colony,Indore,Madhya Pradesh,INDIA",indore-DEEPAK SAHU,326,Indore,110,452001,DEEPAK SAHU,indore@gmail.com,,1111111111,,1
DALY COLLEGE INDORE,6,"1, Residency Area, Indore, Madhya Pradesh ",indore-DEEPAK SAHU,326,Indore,110,452001,DEEPAK SAHU,indore@gmail.com,,1111111111,,1
STATE BANK OF TRAVANCORE,6,"TOWER,, ""RATNA DEEP"" A.B. ROAD, INDORE, MADHYA PRADESH",indore-DEEPAK SAHU,326,Indore,110,452001,DEEPAK SAHU,indore@gmail.com,,1111111111,,1
KIRLOSKAR OILS ENGINES LIM,6," B-1, Radha Krishna Complex, 10/1, AB Rd, Manorama Ganj, Indore, Madhya Pradesh ",indore-DEEPAK SAHU,326,Indore,110,452001,DEEPAK SAHU,indore@gmail.com,,1111111111,,1
MCW HEALTHCARE PVT. LTD.,6,"501, 8/2, Saket Square, Rafael Tower, Greater Kailash Road, Old Palasia, Indore, Madhya Pradesh ",indore-DEEPAK SAHU,326,Indore,110,452001,DEEPAK SAHU,indore@gmail.com,,1111111111,,1
CENTRAL BANK OF INDIA,6,"Race Course Road, Indore, Madhya Pradesh ",indore-DEEPAK SAHU,326,Indore,110,452001,DEEPAK SAHU,indore@gmail.com,,1111111111,,1
STANDARD CHARTERED BANK,6,"DM Tower, 21/1, Race Course Rd, Janjeerwala Chouraha, New Palasia, Indore, Madhya Pradesh ",indore-DEEPAK SAHU,326,Indore,110,452001,DEEPAK SAHU,indore@gmail.com,,1111111111,,1
AGRAWAL GROUP,6,"1st Floor, Agarwal House, 5, Yeshwant Colony, Yeshwant Colony, Indore, Madhya Pradesh ",indore-DEEPAK SAHU,326,Indore,110,452003,DEEPAK SAHU,indore@gmail.com,,1111111111,,1
IMPETUS INFOTECH INDIA PVT,6,"Sarda House, 24-B, Palasia, A.B. Road, Indore, Madhya Pradesh ",indore-DEEPAK SAHU,326,Indore,110,452001,DEEPAK SAHU,indore@gmail.com,,1111111111,,1
AMRIT AGENCIES INDORE PVT LTD ,6,"3, AB Rd, Vijay Nagar, Indore, Madhya Pradesh ",indore-DEEPAK SAHU,326,Indore,110,452010,DEEPAK SAHU,indore@gmail.com,,1111111111,,1
AIR INDIA LTD,6,"Abhay Khel Prashal Building,Race Course Road, Zanzeerwala Square, 11 Bungalow Colony, New Palasia, Palasia, Indore, Madhya Pradesh ",indore-DEEPAK SAHU,326,Indore,110,452001,DEEPAK SAHU,indore@gmail.com,,1111111111,,1
"ACROPOLIS INSTITUTE OF TECH.,",6,"Starlit Tower, 301, Yeshwant Niwas Rd, Lantern Square, New Palasia, Indore, Madhya Pradesh ",indore-DEEPAK SAHU,326,Indore,110,452003,DEEPAK SAHU,indore@gmail.com,,1111111111,,1
"INDUSIND BANK LIMITED,",6,"IndusInd Bank Ltd, Ground Floor, Shubham Corporate, No.27 Scheme 31, Traffic Root No. 7, Road, 6, Sapna Sangeeta Rd, Patel Nagar, Ashok Nagar, Indore, Madhya Pradesh 452004",indore-DEEPAK SAHU,326,Indore,110,452001,DEEPAK SAHU,indore@gmail.com,,1111111111,,1
UCO BANK,6," 2nd Floor, 380, Saket Nagar, Indore, Madhya Pradesh ",indore-DEEPAK SAHU,326,Indore,110,452018,DEEPAK SAHU,indore@gmail.com,,1111111111,,1
"Indian Steel Corporation Ltd,",6,"Mezzanine Floor, The Horizon Building, 11/5, South Tukoganj, Indore, Madhya Pradesh ",indore-DEEPAK SAHU,326,Indore,110,452001,DEEPAK SAHU,indore@gmail.com,,1111111111,,1
jk lkshmi cement,6,"No. 411, 4th Floor, Orbit Mall, AB Rd, Opposite Raghunath Prasad Petrol Pump, Vijay Nagar, Indore, Madhya Pradesh ",indore-DEEPAK SAHU,326,Indore,110,452018,DEEPAK SAHU,indore@gmail.com,,1111111111,,1
FIRST SOURCE SOLUTIONS ,6,"Mangal city, Plot No.A-1, AB Rd, Scheme No.54, Vijay Nagar, Indore, Madhya Pradesh ",indore-DEEPAK SAHU,326,Indore,110,452010,DEEPAK SAHU,indore@gmail.com,,1111111111,,1
ESPIC CONSULTANTS PVT. LTD.,6,"PU-3, 3rd Floor, Sapphire Twins - Right Wing Plot Number. 17, A.B. Road Scheme No.54, Vijay Nagar, Indore, Madhya Pradesh ",indore-DEEPAK SAHU,326,Indore,110,452010,DEEPAK SAHU,indore@gmail.com,,1111111111,,1
MP AUDHYO KENDRA VIKAS NIG,6," 1st Floor, Atulya IT Park, Khandwa Road, Indore Pin : 452010, M.P(India) · 0731-2972623, 0731-2974363 · Email: ...",indore-DEEPAK SAHU,326,Indore,110,452010,DEEPAK SAHU,indore@gmail.com,,1111111111,,1
EATON FLUID POWER INDIA LT D,6,"145, Off Mumbai-Pune Road, Pune, Maharashtra ",indore-DEEPAK SAHU,326,Indore,110,411018,DEEPAK SAHU,indore@gmail.com,,1111111111,,1
SABMILLER INDIA LIMITED,6,"Grean Heart Building 6th Floor Mfar, Manyata Tech Park Phase 4, Nagavar Village, Bangalore, Bangalore.",indore-DEEPAK SAHU,326,Bangalore,110,560001,DEEPAK SAHU,indore@gmail.com,,1111111111,,1
NATIONAL STEEL INDUSTRIES,6,"7/5, Mahakosh House, Tukoganj, Indore, Madhya Pradesh ",indore-DEEPAK SAHU,326,Indore,110,452001,DEEPAK SAHU,indore@gmail.com,,1111111111,,1
GREENPLY INDUSTRIES LTD,6,"1st floor, Shanti Heights, 32/2, South Tukoganj, Above Cosmos Bank Near Arvind, Madhya Pradesh ",indore-DEEPAK SAHU,326,Indore,110,452001,DEEPAK SAHU,indore@gmail.com,,1111111111,,1
SANGHI BROTHERS (INDORE) L,6,"Plot No, 6, AB Rd, Manorama Ganj, Indore, Madhya Pradesh ",indore-DEEPAK SAHU,326,Indore,110,452001,DEEPAK SAHU,indore@gmail.com,,1111111111,,1
LUCAS INDIAN SERVICE LIMIT,6,"Shop No.9-10, Nehru Market Ahmedabad-Bombay Road, Madhya Pradesh ",indore-DEEPAK SAHU,326,Indore,110,452001,DEEPAK SAHU,indore@gmail.com,,1111111111,,1
INFOBEANS SYSTEM,6,"8/2, Khargone - Indore Hwy, Nai Duniya, Palsikar Colony, Indore, Madhya Pradesh ",indore-DEEPAK SAHU,326,Indore,110,452001,DEEPAK SAHU,indore@gmail.com,,1111111111,,1
TTK PHARMA LTD.,6,"407, Industry House, 4th Floor, Near Axis Bank, AB Road, Indore - 452008, Madhya Pradesh , India",indore-DEEPAK SAHU,326,Indore,110,452008,DEEPAK SAHU,indore@gmail.com,,1111111111,,1
ADITYA BIRLA GROUP,6,"C21 Mall, AB Rd, Sheetal Nagar, Scheme 54 PU4, Indore, Madhya Pradesh ",indore-DEEPAK SAHU,326,Indore,110,452011,DEEPAK SAHU,indore@gmail.com,,1111111111,,1
Heidelberg Cement India Limited ,6,"302-A, Plot no. 186, Scheme No 114, Indore, Madhya Pradesh ",indore-DEEPAK SAHU,326,Indore,110,452010,DEEPAK SAHU,indore@gmail.com,,1111111111,,1
LOREAL INDIA P.LTD,6,"LOREAL INDIA PRIVATE LIMITED is 27, , LASUDIA MORIA, DEWAS NAKA, INDORE, Madhya Pradesh ",indore-DEEPAK SAHU,326,Indore,110,452010,DEEPAK SAHU,indore@gmail.com,,1111111111,,1
"BIRLA SUN LIFE ASSET MGT CO, LIMITED",6,"9, Mahatma Gandhi Rd, South Tukoganj, Indore, Madhya Pradesh ",indore-DEEPAK SAHU,326,Indore,110,452001,DEEPAK SAHU,indore@gmail.com,,1111111111,,1
Anik Indus Ltd. (RUCHI GROUP),6,"2 Behind High Court 1, South Tukoganj, Indore, Madhya Pradesh ",indore-DEEPAK SAHU,326,Indore,110,452001,DEEPAK SAHU,indore@gmail.com,,1111111111,,1
IFFCO TOCKIO GENERAL INSU CO. LTD.,6,"Commerce House, 1st Floor, Plot No. 11, Race Course Rd, Bungalow Colony, New Palasia, Palasia, Indore, Madhya Pradesh ",indore-DEEPAK SAHU,326,Indore,110,452001,DEEPAK SAHU,indore@gmail.com,,1111111111,,1
STAR INDIA PVT LIMITED,6,"307 B-Block, 3rd floor, Corporate House, Beside DAVV University & Central Mall, Regal Square, Indore, Madhya Pradesh ",indore-DEEPAK SAHU,326,Indore,110,452001,DEEPAK SAHU,indore@gmail.com,,1111111111,,1
PANASONIC INDIA LTD,6,"3rd Floor, Megapolis Square, 576-579, Mahatma Gandhi Rd, Near Kasliwal Honda, Indore, Madhya Pradesh ",indore-DEEPAK SAHU,326,Indore,110,452001,DEEPAK SAHU,indore@gmail.com,,1111111111,,1
FOOD CORPORATION OF INDIA,6,"Ranka Mansion, No 25/3, Yeshwant Niwas Rd, Indore, Madhya Pradesh ",indore-DEEPAK SAHU,326,Indore,110,452001,DEEPAK SAHU,indore@gmail.com,,1111111111,,1
SUNDARAM FINANCE,6,"307, 3rd Floor, Apollo Trade Centre, AB Road, 2 B Rajgarj Kothi, Geetha Bhawan Square, Manorama Ganj, Indore, Madhya Pradesh ",indore-DEEPAK SAHU,326,Indore,110,452001,DEEPAK SAHU,indore@gmail.com,,1111111111,,1
WONDER CEMENT LIMITED,6,"401 A, 4th Floor, Airen Heights, Plot No. 13-14 Scheme No.54, PU-3, AB Rd, Opposite C-21 Mall, Vijay Nagar, Indore, Madhya Pradesh ",indore-DEEPAK SAHU,326,Indore,110,452001,DEEPAK SAHU,indore@gmail.com,,1111111111,,1
"AMBUJA CEMENT LTD,",6,"205, Satguru Parinay, Scheme 54 PU4, Indore",indore-DEEPAK SAHU,326,Indore,110,452001,DEEPAK SAHU,indore@gmail.com,,1111111111,,1
USHA INTERNATIONAL LTD,6,"602 & 603 A, Mangal City Service Rd Near Mangal City NRK Business Park, Scheme No.54, Vijay Nagar, Indore, Madhya Pradesh ",indore-DEEPAK SAHU,326,Indore,110,452010,DEEPAK SAHU,indore@gmail.com,,1111111111,,1
SAHIL GLASS INDUSTRY,6,"121, 122, Astha Talkies Rd, Badi Bhamori, Jai Bajrang Nagar, Badi Bhamori, Indore, Madhya Pradesh ",indore-DEEPAK SAHU,326,Indore,110,452011,DEEPAK SAHU,indore@gmail.com,,1111111111,,1
"DOW AGRO SCIENCES,",6,"1st Floor, Block B, Gate 02, Godrej IT Park, Godrej Business District, Pirojshanagar, L.B.S Marg, Vikhroli (West), Mumbai, Maharashtra ",indore-DEEPAK SAHU,326,Indore,110,400079,DEEPAK SAHU,indore@gmail.com,,1111111111,,1
JSW STEELS LIMITED,6,"Princes Business Skypark, Office no 416, 4th Floor, AB Rd, Indore, Madhya Pradesh ",indore-DEEPAK SAHU,326,Indore,110,452010,DEEPAK SAHU,indore@gmail.com,,1111111111,,1
KARNATAKA BANK LTD,6,"UG-1,2 & 9, #10/2, CAPTAIN C S NAIDU ARCADE, Greater Kailash Road, New Palasia, Indore, Madhya Pradesh ",indore-DEEPAK SAHU,326,Indore,110,452002,DEEPAK SAHU,indore@gmail.com,,1111111111,,1
"SOPA INDIA(P) LTD,",6,"Scheme No. 54, Malviya Nagar, MR 9 Rd, opposite Barfani Dham, Indore, Madhya Pradesh ",indore-DEEPAK SAHU,326,Indore,110,452008,DEEPAK SAHU,indore@gmail.com,,1111111111,,1
EUREKA FORBES LIMITED,6," 402 408, 4th Floor Sapphire Heights, No. 2 Scheme No. 54 Opp. C21 Mall, AB Rd, Indore, Madhya Pradesh ",indore-DEEPAK SAHU,326,Indore,110,452010,DEEPAK SAHU,indore@gmail.com,,1111111111,,1
"GODREJ & BOYCE MFG CO LTD,(APPLIANCES DIVN)",6,"261, Shree Nagar Ext, Shree Nagar Extension, Shree Nagar, Indore, Madhya Pradesh ",indore-DEEPAK SAHU,326,Indore,110,452010,DEEPAK SAHU,indore@gmail.com,,1111111111,,1
"GREAT GALEON,",6,"08-309, Princes Business Skypark, Scheme no. 54, A.B.Road Indore ",indore-DEEPAK SAHU,326,Indore,110,452001,DEEPAK SAHU,indore@gmail.com,,1111111111,,1
"SANDVIK ASIA LIMITED,",6,"Wageshwar Nagar, Wagholi, Pune, Maharashtra 412207",indore-DEEPAK SAHU,326,Indore,110,412207,DEEPAK SAHU,indore@gmail.com,,1111111111,,1
"THE TIMES OF INDIA,",6,"2nd Floor, Nrk Business Park, Vijay Nagar, Indore - 452010 (Behind Mangal City Mall, Near Square, Scheme No 54). ...",indore-DEEPAK SAHU,326,Indore,110,452010,DEEPAK SAHU,indore@gmail.com,,1111111111,,1
SUZLON ENERGY LTD.,6,"Suzlon House, 5 Shrimali Society, Navrangpura, Ahmedabad 380009, India. +91-79-660 45000; +91-79-660 45507 ...",indore-DEEPAK SAHU,326,Ahmedabad,110,380009,DEEPAK SAHU,indore@gmail.com,,1111111111,,1
ALLAHABAD BANK,6,"20/1 A New Palasia Indore,M.P. Ph:0731-2545253 ...",indore-DEEPAK SAHU,326,Indore,110,452001,DEEPAK SAHU,indore@gmail.com,,1111111111,,1
WHIRLPOOL OF INDIA LTD.,6,"J-6E1, 6/2, Dr., 08559939912, RS Bhandari Marg, Race Course Road, Indore, Madhya Pradesh ",indore-DEEPAK SAHU,326,Indore,110,452001,DEEPAK SAHU,indore@gmail.com,,1111111111,,1
BLUE STAR LTD.,6,"Maloo 01, BLUE STAR LTD., Office No. 502, Ring Road, 26-C, Scheme No 171, Indore, Madhya Pradesh ",indore-DEEPAK SAHU,326,Indore,110,452010,DEEPAK SAHU,indore@gmail.com,,1111111111,,1
"CRM Services India Pvt. Ltd., TELEPERFORMANCE",6,"A.B.Road, Opposite Orbit Mall, Vijay Nagar, Indore, Madhya Pradesh ",indore-DEEPAK SAHU,326,Indore,110,452010,DEEPAK SAHU,indore@gmail.com,,1111111111,,1
DSP BLACKROCK INVESTMENT UND.,6,"2nd Floor, Head Office, Starlit Tower, Office No. 206, 29/1, Yeshwant Niwas Rd, Opp. S.B I, Indore, Madhya Pradesh ",indore-DEEPAK SAHU,326,Indore,110,452001,DEEPAK SAHU,indore@gmail.com,,1111111111,,1
VOLTAS INDIA LIMITED,6,"305 The View Y.N ROAD opp. South Tukoganj Thana, Indore, Indore, Madhya Pradesh ",indore-DEEPAK SAHU,326,Indore,110,452003,DEEPAK SAHU,indore@gmail.com,,1111111111,,1
YASH TECHNOLOGY,6,"Crystal IT PARK STP-1, Ground Floor, IT/ITES- SEZ, Khandwa Rd, Indra Puri Colony, near Bhawar Kuwan Square, Indore, Madhya Pradesh ",indore-DEEPAK SAHU,326,Indore,110,452001,DEEPAK SAHU,indore@gmail.com,,1111111111,,1
SHRIRAM FERTILISERS & CHEMICALS,6,"A-101/102, Anmol Space , 21, Khajrana Main Rd, Baikunth Dham, Indore, Madhya Pradesh ",indore-DEEPAK SAHU,326,Indore,110,452001,DEEPAK SAHU,indore@gmail.com,,1111111111,,1
PARKER HANNIFIN INDIA PRIV AT,6,"QPG+GQ8, Bajargaon, Maharashtra ",indore-DEEPAK SAHU,326,Indore,110,440023,DEEPAK SAHU,indore@gmail.com,,1111111111,,1
LIFE INSURANCE CORPORATIO,6,"A, 10, 3, Mahatma Gandhi Rd, behind Embassy Hotel, South Tukoganj, Indore, Madhya Pradesh ",indore-DEEPAK SAHU,326,Indore,110,452001,DEEPAK SAHU,indore@gmail.com,,1111111111,,1
"MOSAIC INDIA PVT LTD,",6,"M-9, Corporate House, B Wing, 169 R.N.T Marg,, Indore, Madhya Pradesh 452001",indore-DEEPAK SAHU,326,Indore,110,452001,DEEPAK SAHU,indore@gmail.com,,1111111111,,1
ORIFLAME INDIA PVT LTD,6,"UG 35-39 Orbit Mall PU-4 SCH No 54 Agra Bombay Rd, Vijay Nagar, Indore, Madhya Pradesh ",indore-DEEPAK SAHU,326,Indore,110,452010,DEEPAK SAHU,indore@gmail.com,,1111111111,,1
RAJASTHAN PATRIKA,6,"Patrika 6th Floor Central Mall, Madhya Pradesh ",indore-DEEPAK SAHU,326,Indore,110,452001,DEEPAK SAHU,indore@gmail.com,,1111111111,,1
JET AIRWAYS PVT LTD.,6,"3, Shrikrishna Nagar, Airport Road, Indore, Madhya Pradesh ",indore-DEEPAK SAHU,326,Indore,110,452005,DEEPAK SAHU,indore@gmail.com,,1111111111,,1
"SURYA BOTTLING PVT LTD,",6,"Shop No. 86 Tilak Path Martand Chowk, Ram Bagh, Indore, Madhya Pradesh ",indore-DEEPAK SAHU,326,Indore,110,452006,DEEPAK SAHU,indore@gmail.com,,1111111111,,1
LUMINOUS POWER TECH PVT LTD,6,"No. 157, Press Complex, Anurag Nagar, A.B. Road, Indore ",indore-DEEPAK SAHU,326,Indore,110,452001,DEEPAK SAHU,indore@gmail.com,,1111111111,,1
DIGI CABLE INDIA PVT. LTD,6,"27, 3rd Floor,Shaniwar Darpan Building, A.B. Road, Indore ",indore-DEEPAK SAHU,326,Indore,110,452008,DEEPAK SAHU,indore@gmail.com,,1111111111,,1
Safex Chemicals India Ltd.,6,"Shop No.2, Siddharth Complex, Ashram Rd, near Dinesh Hall, Shreyas Colony, Navrangpura, Ahmedabad, Gujarat ",indore-DEEPAK SAHU,326,Ahmedabad,110,380009,DEEPAK SAHU,indore@gmail.com,,1111111111,,1
"WINTECH TAPARIA LTD,",6,"60-B, Film Bhawan, 1st Floor, Rani Sati Gate, Yeshwant Niwas Rd, Indore, Madhya Pradesh ",indore-DEEPAK SAHU,326,Indore,110,452003,DEEPAK SAHU,indore@gmail.com,,1111111111,,1
MY FM,6,"4, AB Rd, Press Complex, Indore, Madhya Pradesh ",indore-DEEPAK SAHU,326,Indore,110,452010,DEEPAK SAHU,indore@gmail.com,,1111111111,,1
BIRLA SUNLIFE INSURANCE CO,6,"7, UG-12-19, Commerece House, Race Course Rd, 11 Bungalow Colony, New Palasia, Indore, Madhya Pradesh ",indore-DEEPAK SAHU,326,Indore,110,452001,DEEPAK SAHU,indore@gmail.com,,1111111111,,1
BUREAU VERITAS (INDIA) PVT,6,"223/224, D.M. Towers, RS Bhandari Marg, Janjeerwala Chouraha, New Palasia, Indore, Madhya Pradesh ",indore-DEEPAK SAHU,326,Indore,110,452001,DEEPAK SAHU,indore@gmail.com,,1111111111,,1
"CORPORATION BANK,",6,"No 63, RNT Marg, Regal Square, Chhoti Gwaltoli, Indore, Madhya Pradesh ",indore-DEEPAK SAHU,326,Indore,110,452001,DEEPAK SAHU,indore@gmail.com,,1111111111,,1
DEWAN HOUSING FIN. CORP LTD.,6,"503 – 505, 5th Floor 13/14, Airen Heights, PU – 3, Plot No, Ware House Rd, Vijay Nagar, Scheme No 54, Indore, Madhya Pradesh ",indore-DEEPAK SAHU,326,Indore,110,452010,DEEPAK SAHU,indore@gmail.com,,1111111111,,1
FINOLEX CABLES LIMITED,6," 3, Race Course Rd, New Palasia Extension, Indore, Madhya Pradesh ",indore-DEEPAK SAHU,326,Indore,110,452001,DEEPAK SAHU,indore@gmail.com,,1111111111,,1
"DHL INFRABULLS INTNL. PVT. LTD,",6,"Block B, 579, Mahatma Gandhi Rd, Megapolise Square, Mahatma Gandhi Rd, Megapolise Square, New Palasia, Indore, Madhya Pradesh ",indore-DEEPAK SAHU,326,Indore,110,452001,DEEPAK SAHU,indore@gmail.com,,1111111111,,1
ENTERTAINMENT WORLD DEV..(TREASURE ISLAND) EWDPL,6,"6th Floor, Treasure Island, 11, Tukoganj , M.G. Road, Indore, Madhya Pradesh ",indore-DEEPAK SAHU,326,Indore,110,452001,DEEPAK SAHU,indore@gmail.com,,1111111111,,1
FINOLEX INDUSTRIES  LIMITED,6," 3, Race Course Rd, New Palasia Extension, Indore, Madhya Pradesh ",indore-DEEPAK SAHU,326,Indore,110,452001,DEEPAK SAHU,indore@gmail.com,,1111111111,,1
RADIO MIRCHI-ENTERTAINMENT NETWORK,6,"9th Floor, Industry House 15, A.B.Road Indore Madhya Pradesh",indore-DEEPAK SAHU,326,Indore,110,452001,DEEPAK SAHU,indore@gmail.com,,1111111111,,1
RASHI PERIPHERALS,6,"11, Silver Sanchora Castle, 7-8, RNT Marg, South Tukoganj, Indore, Madhya Pradesh ",indore-DEEPAK SAHU,326,Indore,110,452001,DEEPAK SAHU,indore@gmail.com,,1111111111,,1
SGS INDIA LIMITED,6,"1-B Press Complex, A-B -Road,, Indore, Madhya Pradesh",indore-DEEPAK SAHU,326,Indore,110,452008,DEEPAK SAHU,indore@gmail.com,,1111111111,,1
WEB DUNIYA.COM,6,"582, Labh Ganga, Mahatma Gandhi Rd, 11 Bungalow Colony, New Palasia, Indore, Madhya Pradesh ",indore-DEEPAK SAHU,326,Indore,110,452001,DEEPAK SAHU,indore@gmail.com,,1111111111,,1
BHATIA INTERNATIONAL LIMITED,6," 8/5, Manoramaganj, Indore, Madhya Pradesh ",indore-DEEPAK SAHU,326,Indore,110,452001,DEEPAK SAHU,indore@gmail.com,,1111111111,,1
AAMORB PHARMACEUTICALS PVT LTD,6,"UG-47-48, Bansi Plaza, 581/5, Mahatma Gandhi Rd, Near Indraprastha Tower, New Palasia, Indore, Madhya Pradesh ",indore-DEEPAK SAHU,326,Indore,110,452001,DEEPAK SAHU,indore@gmail.com,,1111111111,,1
PUNJAB NATIONAL BANK,6,"21, AB Rd, Palasia Square, Manorama Ganj, Indore, Madhya Pradesh ",indore-DEEPAK SAHU,326,Indore,110,452001,DEEPAK SAHU,indore@gmail.com,,1111111111,,1
MAX LIFE INSURANCE,6,"Tower, Plot No. 7, Circle, 1st Floor 102, Sagun, PU-4, AB Rd, Near, Vijay Nagar, Indore, Madhya Pradesh ",indore-DEEPAK SAHU,326,Indore,110,452001,DEEPAK SAHU,indore@gmail.com,,1111111111,,1
HAVELLS INDIA LIMITED,6,"PU-3 Commercial, Princes Business Skyline, 5th Floor 501-502, 508-513, Block No.32 & 33, AB Rd, Scheme 54 PU4, Indore, Madhya Pradesh ",indore-DEEPAK SAHU,326,Indore,110,452010,DEEPAK SAHU,indore@gmail.com,,1111111111,,1
HAIER APPLIANCES INDIA P LIM,6,"AB Rd, Near U- Turn, Opposite Rasoma Laboratory , Near Vijay Nagar Square, Vijay Nagar, Indore, Madhya Pradesh ",indore-DEEPAK SAHU,326,Indore,110,452010,DEEPAK SAHU,indore@gmail.com,,1111111111,,1
BALAJI DETECTIVE & SECU SERV ,6,"Navneet Plaza, 207, 5/2, Old Palasia, Indore, Madhya Pradesh ",indore-DEEPAK SAHU,326,Indore,110,452018,DEEPAK SAHU,indore@gmail.com,,1111111111,,1
STAR HEALTH & ALLIED INSURANC,6,"504 , 505 satguru parinay Vijay nagar, Vijay Nagar, Indore, Madhya Pradesh ",indore-DEEPAK SAHU,326,Indore,110,452010,DEEPAK SAHU,indore@gmail.com,,1111111111,,1
ORIENTAL BANK OF COMMERC,6,"Chetak Center, 12/2, RNT Marg, Indore, Madhya Pradesh ",indore-DEEPAK SAHU,326,Indore,110,452001,DEEPAK SAHU,indore@gmail.com,,1111111111,,1
DHL Logistics Pvt. Ltd,6,"B-104, Anmol Space, 20, Baikunthdham Khajrana Main Road. Indore ",indore-DEEPAK SAHU,326,Indore,110,452018,DEEPAK SAHU,indore@gmail.com,,1111111111,,1
"TVS Credit Services Ltd.,",6,"206-207, 2nd Floor, Satguru Parinay, AB Rd, Opposite C-21 Mall, Indore, Madhya Pradesh ",indore-DEEPAK SAHU,326,Indore,110,452001,DEEPAK SAHU,indore@gmail.com,,1111111111,,1
DB INFRASTRUCTURE PVT LTD,6,"Office No. 117, First Floor, TNS Compound, Plot No. 8, AB Rd, PU 4, Near Vijay Nagar Square, Scheme No.54, Vijay Nagar, Indore, Madhya Pradesh ",indore-DEEPAK SAHU,326,Indore,110,452010,DEEPAK SAHU,indore@gmail.com,,1111111111,,1
"MP CRICKET ASSOCIATION,",6,"New Stadium, Race Course Road, Race Course Road, Indore, Madhya Pradesh 452001, India.",indore-DEEPAK SAHU,326,Indore,110,452001,DEEPAK SAHU,indore@gmail.com,,1111111111,,1
ANCHOR GROUP OF INDUSTRIE,6,"8, Maharani Rd, Siyaganj, Indore, Madhya Pradesh ",indore-DEEPAK SAHU,326,Indore,110,452007,DEEPAK SAHU,indore@gmail.com,,1111111111,,1
INDORE MANAGEMENT ASSOC,6,"56/1, Jall Auditorium, South Tukoganj, Indore, Madhya Pradesh ",indore-DEEPAK SAHU,326,Indore,110,452001,DEEPAK SAHU,indore@gmail.com,,1111111111,,1
COTTON CORPORATION OF INDIA,6,"Kapas Bhavan 27 A, N T C Compound, Race Course Road, Near Yeshwant Club, Indore, Madhya Pradesh ",indore-DEEPAK SAHU,326,Indore,110,452001,DEEPAK SAHU,indore@gmail.com,,1111111111,,1
FUTURE GENERALI INDIA LIC LTD,6,"1st Floor, Commerce House, 7 Racecourse Road, Indore, Madhya Pradesh ",indore-DEEPAK SAHU,326,Indore,110,452003,DEEPAK SAHU,indore@gmail.com,,1111111111,,1
D & H SECHERON ELECTRODES  LT,6,"B No. 44-46, Laxmibai Nagar, Malti Vanaspati, Indore, Madhya Pradesh ",indore-DEEPAK SAHU,326,Indore,110,452006,DEEPAK SAHU,indore@gmail.com,,1111111111,,1
DEVI AHILYA VISHWA VIDHYA,6,"Nalanda Campus, R. N. T., Rabindranath Tagore Marg, Chhoti Gwaltoli, Indore, Madhya Pradesh ",indore-DEEPAK SAHU,326,Indore,110,452001,DEEPAK SAHU,indore@gmail.com,,1111111111,,1
"OM LOGISTICS,",6,"Metro Tower, 4TH FLOOR, Scheme 54 PU4, Indore, Madhya Pradesh ",indore-DEEPAK SAHU,326,Indore,110,452010,DEEPAK SAHU,indore@gmail.com,,1111111111,,1
Transworld Furtichem Pvt. Ltd,6,"Office No.1801, The Affairs Building, 18th Floor, Plot No.9, Sector - 17, Palm Beach Road, Sanpada, Navi Mumbai, Maharashtra ",indore-DEEPAK SAHU,326,Mumbai,110,400705,DEEPAK SAHU,indore@gmail.com,,1111111111,,1
HATHWAY BHASKAR MULTINET PVT.,6,"Plot No. 7, Quality Complex, Press Complex, Ram Gopal Maheshwari Marg, Kwality Parisar, Zone-I, Maharana Pratap Nagar, Bhopal, Madhya Pradesh ",indore-DEEPAK SAHU,326,Indore,110,462011,DEEPAK SAHU,indore@gmail.com,,1111111111,,1
AMTEK AUTO LTD,6,"3 LSC Pamposh Enclave New Delhi, Delhi ",indore-DEEPAK SAHU,326,New Delhi,110,110048,DEEPAK SAHU,indore@gmail.com,,1111111111,,1
HORIBA India Pvt Ltd,6,"D-225, Chakan, MIDC Phase II Bhamboli Village, Maharashtra ",indore-DEEPAK SAHU,326,Bhamboli,110,410501,DEEPAK SAHU,indore@gmail.com,,1111111111,,1
KOHLER INDIA CORP PVT LTD,6,"Kohler Power India Pvt. Ltd.,7th Floor, Pentagon P5,Magarpatta City, Hadapsar,",indore-DEEPAK SAHU,326,Indore,110,452001,DEEPAK SAHU,indore@gmail.com,,1111111111,,1
ANAND RATHI SECURITIES,6,"101, Apollo Avenue, Police Station, Old Palasia, Indore, Madhya Pradesh ",indore-DEEPAK SAHU,326,Indore,110,452001,DEEPAK SAHU,indore@gmail.com,,1111111111,,1
AVIVA LIFE INSURANCE COMP,6,"3rd Floor, Bansi Plaza, Plot No. 585, 5, Mahatma Gandhi Rd, Race Course Road, Indore, Madhya Pradesh ",indore-DEEPAK SAHU,326,Indore,110,452001,DEEPAK SAHU,indore@gmail.com,,1111111111,,1
SIEMENS LIMITED,6,"102, Balaji Heights, 5-b Rajgarh Kothi, Geeta Bhavan Main Road, Near Alankar Point, Indore, Madhya Pradesh ",indore-DEEPAK SAHU,326,Indore,110,452001,DEEPAK SAHU,indore@gmail.com,,1111111111,,1
NARMADA JHABUA GRAMIN BANK,6,"56 Dukan St, Near 56 Dukan, 11 Bungalow Colony, New Palasia, Indore, Madhya Pradesh ",indore-DEEPAK SAHU,326,Indore,110,452001,DEEPAK SAHU,indore@gmail.com,,1111111111,,1
RASHTRIYA ISPAT NIGAM LIM,6,"101, 30b, Bso Rashtriya Ispat Nigam Limited, Apollo Avenue, Palasi, Agra Bombay Road, Old Palasia, Indore - 452001, Opposite Palasia Police Station (Map)",indore-DEEPAK SAHU,326,Indore,110,452001,DEEPAK SAHU,indore@gmail.com,,1111111111,,1
DENA BANK - NAVLAKHA BRANCH,6,"A.B.Road, Navlakha Chauraha, Indore, Madhya Pradesh ",indore-DEEPAK SAHU,326,Indore,110,452001,DEEPAK SAHU,indore@gmail.com,,1111111111,,1
"DISH TV India Limited,",6,"AB Rd, Scheme 54 PU4, Indore, Madhya Pradesh ",indore-DEEPAK SAHU,326,Indore,110,452011,DEEPAK SAHU,indore@gmail.com,,1111111111,,1
CLASSIC HOLIDAYS,6,"M 1, 7, 18 - Sunrise Tower, 579, Mahatma Gandhi Rd, Indore, Madhya Pradesh ",indore-DEEPAK SAHU,326,Indore,110,452001,DEEPAK SAHU,indore@gmail.com,,1111111111,,1
GREATER KAILASH HOSPITAL,6,"1, 2, near Palasia, New Palasia, Thana, Madhya Pradesh ",indore-DEEPAK SAHU,326,Indore,110,452008,DEEPAK SAHU,indore@gmail.com,,1111111111,,1
"IDBI FEDERAL LIFE INSU CO. LTD,",6,"1St Floor 101 Millanda Manor, Plot No. 2 Rnt Marg, Indore, Madhya Pradesh ",indore-DEEPAK SAHU,326,Indore,110,452001,DEEPAK SAHU,indore@gmail.com,,1111111111,,1
JK TYRES,6,"53, Udhyog Nagar, Musakhedi, Indore, Madhya Pradesh ",indore-DEEPAK SAHU,326,Indore,110,452001,DEEPAK SAHU,indore@gmail.com,,1111111111,,1
VIP INDUSTRIES LTD.,6,"Shirish Chambers, 25/1, Yeshwant Niwas Rd, Indore, Madhya Pradesh ",indore-DEEPAK SAHU,326,Indore,110,452003,DEEPAK SAHU,indore@gmail.com,,1111111111,,1
INDIA BULLS HOUSING FIN LTD,6,"NO.2A,2B, 1ST FLOOR, CORPORATE HOUSE, RNT MARG, BESIDE DAVV UNIVERSITY,, Indore, Madhya Pradesh",indore-DEEPAK SAHU,326,Indore,110,452001,DEEPAK SAHU,indore@gmail.com,,1111111111,,1
ICICI HOUSING FINANCE LIMITED,6,"Office no. 105/101, Plot no. 582, 1st Floor, ARU Plaza, Mahatma Gandhi Rd, Indore, Madhya Pradesh ",indore-DEEPAK SAHU,326,Indore,110,452001,DEEPAK SAHU,indore@gmail.com,,1111111111,,1
PNB HOUSING FINANACE LTD,6,"2nd Floor, Gajanan Bhawan, EC-63 scheme no. 94, part-C Opposite Bombay Hospital square, Vijay Nagar, Indore, Madhya Pradesh ",indore-DEEPAK SAHU,326,Indore,110,452010,DEEPAK SAHU,indore@gmail.com,,1111111111,,1
ICICI LOMBARD GENERAL INSU,6,"Commerce House, 2nd Floor, 201/ 212 Building No.7, Race Course Rd, Indore, Madhya Pradesh ",indore-DEEPAK SAHU,326,Indore,110,452001,DEEPAK SAHU,indore@gmail.com,,1111111111,,1
ICICI BANK LTD,6,"A B Road, 4 chhoti Khajrani, Malav parisar, Indore, Madhya Pradesh ",indore-DEEPAK SAHU,326,Indore,110,452008,DEEPAK SAHU,indore@gmail.com,,1111111111,,1
KEDIA GREAT GALEON LTD.,6,"BPK STAR, 4th Floor Above Shopper Stop (M.P.), B-1, LIG Main Road, L.I.G. Chouraha, Ambedkar Nagar, L I G Colony, Indore, Madhya Pradesh ",indore-DEEPAK SAHU,326,Indore,110,452010,DEEPAK SAHU,indore@gmail.com,,1111111111,,1
AGARWAL COAL CORPORATION,6,"Second Floor, AGARWAL HOUSE, 5, Yeshwant Niwas Rd, Sanghi Colony, Yeshwant Colony, Indore, Madhya Pradesh ",indore-DEEPAK SAHU,326,Indore,110,452001,DEEPAK SAHU,indore@gmail.com,,1111111111,,1
POLYCAB ELECTRICAL INDUSTRIES,6,"B-12, Paththar Godown Rd, New Siyaganj, Indore, Madhya Pradesh ",indore-DEEPAK SAHU,326,Indore,110,452003,DEEPAK SAHU,indore@gmail.com,,1111111111,,1
JAIPRAKASH ASSOCIATES LIM ITE,6,"14b, Kailash Park Colony, Geeta Bhawan, Indore - 452001, Near Geeta Bhawan Mandir (Map)",indore-DEEPAK SAHU,326,Indore,110,452001,DEEPAK SAHU,indore@gmail.com,,1111111111,,1
BAJAJ ELECTRICAL LIMITED,6,"Commerce House, 3, Road, 7, Race Course Rd, Race Course Road, Indore, Madhya Pradesh ",indore-DEEPAK SAHU,326,Indore,110,452001,DEEPAK SAHU,indore@gmail.com,,1111111111,,1
DIASPARK INFOTECH PVT LTD,6,"60/2 Babulabh Chand Chajlani Marg Naidunia Parishar, Keshar Bagh Rd, Nai Duniya, Indore, Madhya Pradesh ",indore-DEEPAK SAHU,326,Indore,110,452009,DEEPAK SAHU,indore@gmail.com,,1111111111,,1
MAYUR HOSPITAL & RESEARCH,6,"Scheme No-94, Plot No- 304, Ring Road near Bengali Chouraha And Khajrana Chouraha, Service Rd, Indore, Madhya Pradesh ",indore-DEEPAK SAHU,326,Indore,110,452016,DEEPAK SAHU,indore@gmail.com,,1111111111,,1
BHARTI AXA LIFE INSU CO LTD,6,"5th floor, Corporate House, RNT Marg, Near Central Mall, Flim Colony, South Tukoganj, Indore, Madhya Pradesh ",indore-DEEPAK SAHU,326,Indore,110,452001,DEEPAK SAHU,indore@gmail.com,,1111111111,,1
"CHEP INDIA PVT LTD,",6,"3rd Floor, Aver Plaza, B13, New Link Rd, Andheri West, Mumbai, Maharashtra ",indore-DEEPAK SAHU,326,Mumbai,110,400053,DEEPAK SAHU,indore@gmail.com,,1111111111,,1
Tata Hitachi Construction Mac,6,"EB 24, EB Sector, Scheme No 94 Sector EB, Indore, Madhya Pradesh ",indore-DEEPAK SAHU,326,Indore,110,452010,DEEPAK SAHU,indore@gmail.com,,1111111111,,1
COROMANDEL  AGRICO P. Ltd.,6,"202, AB Rd, Ankur Alley, Scheme No.54, Vijay Nagar, Indore, Madhya Pradesh ",indore-DEEPAK SAHU,326,Indore,110,452010,DEEPAK SAHU,indore@gmail.com,,1111111111,,1
AGRAWAL DISTILLERIES,6,"Princes Business Skypark, AB Rd, LIG Colony, Indore, Madhya Pradesh ",indore-DEEPAK SAHU,326,Indore,110,452011,DEEPAK SAHU,indore@gmail.com,,1111111111,,1
THE SOUTH INDIAN BANK,6,"UG2, 3, 4, ROYAL VIEW FF27, 28, OPP:MANGAL MARILAND GARDENS SCHEME NO:54, Vijay Nagar, Indore, Madhya Pradesh ",indore-DEEPAK SAHU,326,Indore,110,452010,DEEPAK SAHU,indore@gmail.com,,1111111111,,1
UNION BANK OF INDIA,6,"Plot no-6, Fortuna Building, Rd Number 2, Anoop Nagar, Indore, Madhya Pradesh ",indore-DEEPAK SAHU,326,Indore,110,452001,DEEPAK SAHU,indore@gmail.com,,1111111111,,1
SHRI RAM FERTILIZERS,6,"7-A, Ratlam Kothi, Bombay Agra Road, Indore Gpo, Indore - 452001, Geeta Bhavan Square, Tvs Duggad Show Room",indore-DEEPAK SAHU,326,Indore,110,452001,DEEPAK SAHU,indore@gmail.com,,1111111111,,1
TVS IYENGAR & SONS LTD.,6,"No.16, Dindayal Bhawan, AB Rd, Nehru Market, Opposite Nehru Stadium, Ushaganj, Murai Mohalla, Indore, Madhya Pradesh",indore-DEEPAK SAHU,326,Indore,110,452001,DEEPAK SAHU,indore@gmail.com,,1111111111,,1
TRINETRA CEMENT LTD.,6,"501, Airen Heights, AB Rd, Pu 13, Sch No.54, Vijay Nagar, Indore, Madhya Pradesh ",indore-DEEPAK SAHU,326,Indore,110,452010,DEEPAK SAHU,indore@gmail.com,,1111111111,,1
SOJATIA AUTO LIMITED,6,"6, Sapna Sangeeta Rd, Opposite Vodafone Store, Snehnagar, Indore, Madhya Pradesh",indore-DEEPAK SAHU,326,Indore,110,452001,DEEPAK SAHU,indore@gmail.com,,1111111111,,1
THERMAX INDIA,6,"M9, Rukmani Plaza, 14, AB Rd, New Palasia, Indore, Madhya Pradesh ",indore-DEEPAK SAHU,326,Indore,110,452001,DEEPAK SAHU,indore@gmail.com,,1111111111,,1
BHATIA GROUP OF COMPANIES,6,"BCC HOUSE"" 8/5, Manoramaganj, Navratan Bagh Main Road, Indore  (M.P.)",indore-DEEPAK SAHU,326,Indore,110,452001,DEEPAK SAHU,indore@gmail.com,,1111111111,,1
"JOSE TRAVELS,",6," G-3, Ground Floor, Ahinsa Tower, Mahatma Gandhi Rd, Indore, Madhya Pradesh ",indore-DEEPAK SAHU,326,Indore,110,452001,DEEPAK SAHU,indore@gmail.com,,1111111111,,1
PUNJAB & SIND BANK,6,"Gurudwara, No.13, Prince Yashwant Rd, Nihalpura, Koyla Bakhal, Indore, Madhya Pradesh ",indore-DEEPAK SAHU,326,Indore,110,452002,DEEPAK SAHU,indore@gmail.com,,1111111111,,1
PVR CINEMAS,6,"4th Floor,Treasure Island Mall, 11, Mahatma Gandhi Rd, South Tukoganj, Indore, Madhya Pradesh ",indore-DEEPAK SAHU,326,Indore,110,452001,DEEPAK SAHU,indore@gmail.com,,1111111111,,1
"TUV SUD SOUTH ASIA,",6," 503, DM Towers 21/1, Race Course Road Indore",indore-DEEPAK SAHU,326,Indore,110,452001,DEEPAK SAHU,indore@gmail.com,,1111111111,,1
BAJAJ FINANCE LTD,6,"UG 2 Ground Floor ,Airen Height plot no 13 14 PU 3 Scheme no 54 - near Telepeformance, AB Rd, Opposite C-21 Mall, Vijay Nagar, Indore, Madhya Pradesh ",indore-DEEPAK SAHU,326,Indore,110,452001,DEEPAK SAHU,indore@gmail.com,,1111111111,,1
TATA AUTOCOMP LTD,6,"No. 48, 2, Nagar Rd, Chandan Nagar, Tukaram Nagar, Kharadi, Pune, Maharashtra ",indore-DEEPAK SAHU,326,Indore,110,452001,DEEPAK SAHU,indore@gmail.com,,1111111111,,1
YESPAY IT SERVICES (INDIA) PV,6,"P L 7-9, Gindust House, A B Road, Palasia, Palasia, Indore, Madhya Pradesh ",indore-DEEPAK SAHU,326,Indore,110,452001,DEEPAK SAHU,indore@gmail.com,,1111111111,,1
RAK CARAMICS INDIA PVT LTD,6,"Plot No. 5, 101,102, 1st Floor, Satguru Parinay, P.U 3, SCH No. 54, Opp. C21 Mall, A.B Road, Indore, Madhya Pradesh ",indore-DEEPAK SAHU,326,Indore,110,452001,DEEPAK SAHU,indore@gmail.com,,1111111111,,1
MP State tourism Dev Corp Ltd,6,"Godhra Hwy, Red Church Colony, Padmavati Colony, Indore, Madhya Pradesh ",indore-DEEPAK SAHU,326,Indore,110,452001,DEEPAK SAHU,indore@gmail.com,,1111111111,,1
Systematix Infotech,6,"Plot No. 67, PU-4 Commercial, AB Rd, Behind C21 Mall, Indore, Madhya Pradesh ",indore-DEEPAK SAHU,326,Indore,110,452001,DEEPAK SAHU,indore@gmail.com,,1111111111,,1
ZYTEX BIOTECH PVT LTD,6,"24,36, GIDC, 23, Reep Guard Rd, Manjusar, Gujarat ",indore-DEEPAK SAHU,326,Indore,110,452001,DEEPAK SAHU,indore@gmail.com,,1111111111,,1
WIN-MEDICARE PVT. LTD.,6,"14th floor, Modi Tower, 1309, 98, Nehru Place, New Delhi, Delhi ",indore-DEEPAK SAHU,326,Indore,110,452001,DEEPAK SAHU,indore@gmail.com,,1111111111,,1
VARNITA TEXTILES PVT LTD,6,"212, PU-4,, Shagun Arcade, Plot No. 8, Agra Bombay Rd, Scheme No.54, Vijay Nagar, Indore, Madhya Pradesh ",indore-DEEPAK SAHU,326,Indore,110,452001,DEEPAK SAHU,indore@gmail.com,,1111111111,,1
APOLLO MUNICH HEALTH INSURANC,6,"108 Pardeshipura 1, Padeshipura, Clerk Colony, Indore, Madhya Pradesh ",indore-DEEPAK SAHU,326,Indore,110,452001,DEEPAK SAHU,indore@gmail.com,,1111111111,,1
Dana India Technical Centre P,6,"Taluka Mulshi, Survey No. 279, Raisoni Industrial Park, Hinjawadi Phase II, Maan, Pune, Maharashtra ",indore-DEEPAK SAHU,326,Indore,110,452001,DEEPAK SAHU,indore@gmail.com,,1111111111,,1
EMERSON CLIMATE TECHNOLOGIES ,6,"Plot No 23,Rajiv Gandhi Infotech Park, Phase -2, Pune, Maharashtra ",indore-DEEPAK SAHU,326,Indore,110,452001,DEEPAK SAHU,indore@gmail.com,,1111111111,,1
Nimbus Beverages Pvt. Ltd.,6,"Akanksha Trade Centre, 2nd Floor, 156, Kanchan Bagh, Indore, Madhya Pradesh ",indore-DEEPAK SAHU,326,Indore,110,452001,DEEPAK SAHU,indore@gmail.com,,1111111111,,1
ANCHOR ELECTRICALS PVT LTD,6,"Office No 318, D M Tower, 21/2 Race Course Road, Race Course Road, Indore - 452001, Near Zanzeerwala Square (Map)",indore-DEEPAK SAHU,326,Indore,110,452001,DEEPAK SAHU,indore@gmail.com,,1111111111,,1
"Axis Asset Management Co Ltd,",6," 207, Mahatma Gandhi Rd, Mega Police Square, New Palasia, Indore, Madhya Pradesh ",indore-DEEPAK SAHU,326,Indore,110,452001,DEEPAK SAHU,indore@gmail.com,,1111111111,,1
"ROCKWELL AUTOMATION (I) L,TD.",6,"707-708, OCEAN Building, Sarabhai Rd, opp. Vadodara Central Mall, Subhanpura, Vadodara, Gujarat ",indore-DEEPAK SAHU,326,Vadodara,110,390023,DEEPAK SAHU,indore@gmail.com,,1111111111,,1
GREENLAM INDUSTRIES LTD,6,"1st floor, Shanti Heights, 32/2, South Tukoganj, Above Cosmos Bank Near Arvind, Madhya Pradesh ",indore-DEEPAK SAHU,326,Indore,110,452001,DEEPAK SAHU,indore@gmail.com,,1111111111,,1
PARAGON BUSINESS SOLUTION,6,"Paragon Business Solutions Ltd, Airen Heights, 901, Behind Pakiza Mall, Vijay Nagar, Indore, Madhya Pradesh ",indore-DEEPAK SAHU,326,Indore,110,452011,DEEPAK SAHU,indore@gmail.com,,1111111111,,1
SKIPPER PVC PIPES,6,"318, New Loha Mandi Rd, behind Dev Shree Talkies, Snehnagar, Indore, Madhya Pradesh ",indore-DEEPAK SAHU,326,Indore,110,452001,DEEPAK SAHU,indore@gmail.com,,1111111111,,1
GODREJ AGROVET LIMITED,6,"305, SATGURU PARINAY, PU3 INFRONT OF C21 MALL, AB ROAD INDORE Indore",indore-DEEPAK SAHU,326,Indore,110,452001,DEEPAK SAHU,indore@gmail.com,,1111111111,,1
LG LIFE SCIENCES INDIA PVT LT,6,"Sector 44, Gurgaon-122001-Get LG Life Sciences India Pvt. Ltd. in Sector 44",indore-DEEPAK SAHU,326,Indore,110,452001,DEEPAK SAHU,indore@gmail.com,,1111111111,,1
SAKATA INX INDIA LTD,6,"D-17, Infocity II Sector-33, Gurugram, India",indore-DEEPAK SAHU,326,Gurugram,110,,DEEPAK SAHU,indore@gmail.com,,1111111111,,1
JIE LIAN MOBILE INDIA PVT. LT,6,"108, 1ST FLOOR SATGURU PARINAYBUILDING PLOT NO. 5 SCH.54INDORE527MP",indore-DEEPAK SAHU,326,Indore,110,452001,DEEPAK SAHU,indore@gmail.com,,1111111111,,1
"TOP N TOWN,",6,"G-2, LG-2 JV Complex, Race Course Rd, Opp.Abhay Prashal, New Palasia, Indore, Madhya Pradesh ",indore-DEEPAK SAHU,326,Indore,110,452001,DEEPAK SAHU,indore@gmail.com,,1111111111,,1
"PALL INDIA PVT LTD,",6,"Sumer Plaza, 7th floor, CTS 419, Marol Maroshi Rd, Andheri East, Mumbai, Maharashtra ",indore-DEEPAK SAHU,326,Mumbai,110,400059,DEEPAK SAHU,indore@gmail.com,,1111111111,,1
La Renon Healthcare Pvt. Ltd.,6,"La Renon Corporate House, Behind Rajpath Club, Kensville Road, Opp. Infostretch Building, Off S.G. Highway, Ahmedabad, Gujarat ",indore-DEEPAK SAHU,326,Ahmedabad,110,380059,DEEPAK SAHU,indore@gmail.com,,1111111111,,1
RAZZLE DAZZLE ENTERTAINMENT,6,"402, Apollo Avenue, Old Palasia, Indore, Madhya Pradesh ",indore-DEEPAK SAHU,326,Indore,110,452001,DEEPAK SAHU,indore@gmail.com,,1111111111,,1
ROCHE PRODUCTS INDIA PVT LTD,6,"4th Floor, 404, Lala Banarasilal Dawar Marg, Princess Pride, Near Janjirwala Square, New Palasia, Indore, Madhya Pradesh ",indore-DEEPAK SAHU,326,Indore,110,452001,DEEPAK SAHU,indore@gmail.com,,1111111111,,1
NIRMA LIMITED,6,"G-2, Laxmi Apartment, 138/139, Bhagwandin Nagar, B/H Sapna Sangeeta Cinema, Bhagwandin Nagar, Indore, Madhya Pradesh ",indore-DEEPAK SAHU,326,Indore,110,452001,DEEPAK SAHU,indore@gmail.com,,1111111111,,1
JAGDALE INDUSTRIES PRIVATE LI,6,"782,  782, 15th Cross, 1st Phase, JP Nagar, Bengaluru- 560078 INDIA15782, 15th Cross, 1st Phase, JP Nagar, Bengaluru- 560078 INDIAth Cross, 1st Phase, JP Nagar, Bengaluru- 560078 INDIA",indore-DEEPAK SAHU,326,Bengaluru,110,560078,DEEPAK SAHU,indore@gmail.com,,1111111111,,1
KSB PUMPS LTD,6,"Office No 104, 1st Floor, Fortune, Ambience, 4/2, South Tukoganj, Indore, Madhya Pradesh ",indore-DEEPAK SAHU,326,Indore,110,452001,DEEPAK SAHU,indore@gmail.com,,1111111111,,1
IDBI FEDERAL LIFE INSURANCE C,6,"1St Floor 101 Millanda Manor, Plot No. 2 Rnt Marg, Indore, Madhya Pradesh ",indore-DEEPAK SAHU,326,Indore,110,452001,DEEPAK SAHU,indore@gmail.com,,1111111111,,1
TEOCO SOFTWARE PVT. LTD.,6,"8TH FLOOR , PLOT G-1 , BLOCK EP & GP , SECTOR-V , SALT LAKE, KOLKATA, ...",indore-DEEPAK SAHU,326,Kolkata,110,,DEEPAK SAHU,indore@gmail.com,,1111111111,,1
EDWARDS LIFESCIENCES (INDI A),6,"4th floor, Oberoi commerjt, off, Western Express Hwy, near oberoe mall, Goregaon, Mumbai, Maharashtra",indore-DEEPAK SAHU,326,Mumbai,110,400063,DEEPAK SAHU,indore@gmail.com,,1111111111,,1
Jubilant Life Sciences Limite,6,"Village Nimbut, Rly. Stn. Nira Village Nimbut, Rly. Stn. Nira,Maharashtrndia,Distt. Pune 
",indore-DEEPAK SAHU,326,Pune,110,,DEEPAK SAHU,indore@gmail.com,,1111111111,,1
HITESHI INFOTECH PVT. LTD.,6,"8th Floor Crystal IT Park, Madhya Pradesh 452001",indore-DEEPAK SAHU,326,Indore,110,452001,DEEPAK SAHU,indore@gmail.com,,1111111111,,1
JK PAPERS LTD,6,"Nehru House 3rd Floor, 4 Bahadur Shah Zafar Marg New Delhi - 110002. Phone No. : 91- 11 - 66001112, 66001132",indore-DEEPAK SAHU,326,New Delhi,110,110002,DEEPAK SAHU,indore@gmail.com,,1111111111,,1
SIKA INDIA PVT. LTD.,6,"13, Ware House Rd, Opposite Water Tank, Siyaganj, Indore, Madhya Pradesh 452003",indore-DEEPAK SAHU,326,Indore,110,452003,DEEPAK SAHU,indore@gmail.com,,1111111111,,1
PI INDUSTRIES,6,"L24211RJ1946PLC000469 PI Industries Ltd. 5th floor, Vipul Square,B Block,Sushant Lok, Phase - 1,Gurgaon",indore-DEEPAK SAHU,326,Gurgaon,110,122009,DEEPAK SAHU,indore@gmail.com,,1111111111,,1
Piramal Pharma Limited,6," plot 67, 70, Pithampur Industrial Area, Sector II, Pithampur, Madhya Pradesh ",indore-KRITIKA SHARMA,326,Indore,110,454775,KRITIKA SHARMA,indore@gmail.com,,1111111111,,1
CAPARO ENGG LTD - PITHAMP,6,"Pithampur Industrial Area, Sector- 2, Pithampur, Madhya Pradesh ",indore-KRITIKA SHARMA,326,Indore,110,454775,KRITIKA SHARMA,indore@gmail.com,,1111111111,,1
Dabur India Ltd.- Pithampur,6,"86-A, Kheda Industrial Area, Sector-3, Pithampur, Madhya Pradesh",indore-KRITIKA SHARMA,326,Indore,110,454774,KRITIKA SHARMA,indore@gmail.com,,1111111111,,1
DABUR INDIA LIMITED,6,"304-305, Sapphire Twins, Opp C-21 Mall, AB Road, Vijay Nagar, Indore, Madhya Pradesh",indore-KRITIKA SHARMA,326,Indore,110,452010,KRITIKA SHARMA,indore@gmail.com,,1111111111,,1
CAPARO ENGINEERING INDIA LTD DEWAS,6,"Caparo Engineering India Limited, Steel Tubes Road, Dewas, Madhya Pradesh ",indore-KRITIKA SHARMA,326,Indore,110,452001,KRITIKA SHARMA,indore@gmail.com,,1111111111,,1
VARROC ENGINEERING  LTD. PITHAMPUR,6,"JJM2+24V, Pithampur Industrial Area, Madhya Pradesh ",indore-KRITIKA SHARMA,326,Indore,110,454774,KRITIKA SHARMA,indore@gmail.com,,1111111111,,1
KRITI INDUSTRIES LIMITED,6,"Pithampur Industrial Area, Sector- 2, Pithampur, Madhya Pradesh",indore-KRITIKA SHARMA,326,Indore,110,452001,KRITIKA SHARMA,indore@gmail.com,,1111111111,,1
BELMAKS METALS INDIA LTD.,6,"Pithampur Industrial Area, Sector- 2, Pithampur, Madhya Pradesh",indore-KRITIKA SHARMA,326,Indore,110,452001,KRITIKA SHARMA,indore@gmail.com,,1111111111,,1
Ecotech Pty Ltd.,6,"Plot No 57 Pithampur, Sector 2, Indore, Madhya Pradesh ",indore-KRITIKA SHARMA,326,Indore,110,454775,KRITIKA SHARMA,indore@gmail.com,,1111111111,,1
CAPARO ENGG INDIA PVT LTD-PUNE,6," No. 1263, 1264, Alandi-Markal Rd, Markal, Maharashtra",indore-KRITIKA SHARMA,326,Indore,110,412105,KRITIKA SHARMA,indore@gmail.com,,1111111111,,1
CONTAINER CORP. OF INDIA,6,National Highway Villg. Tihi The. Mhow Indore,indore-KRITIKA SHARMA,326,Indore,110,453331,KRITIKA SHARMA,indore@gmail.com,,1111111111,,1
VARROC POLYMERS PVT LTD Pithampur,6,Plot No 601 A & B Industrial Area Sector 3 Pithampur,indore-KRITIKA SHARMA,326,Indore,110,452001,KRITIKA SHARMA,indore@gmail.com,,1111111111,,1
ALPA LABORATORIES LTD ,6,"33/2, Pigdamber, A.B. Road, Rau, Indore, Madhya Pradesh ",indore-KRITIKA SHARMA,326,Indore,110,453446,KRITIKA SHARMA,indore@gmail.com,,1111111111,,1
INDIA NETS,6,"SEZ Phase - 1 Sector 3,Industrial Area Pithampur 454775",indore-KRITIKA SHARMA,326,Indore,110,452001,KRITIKA SHARMA,indore@gmail.com,,1111111111,,1
Mahima Fibres Pvt. Ltd.,6,"HO-406, Corporate House, 169, R.N.T. Marg, Indore, Madhya Pradesh ",indore-KRITIKA SHARMA,326,Indore,110,452001,KRITIKA SHARMA,indore@gmail.com,,1111111111,,1
NATRIP IMPLEMENTION SOCIETY,6," Sector 3, Sagar Manpur Road, Asukhedi, Pithampur, Madhopur, Madhya Pradesh ",indore-KRITIKA SHARMA,326,Indore,110,454774,KRITIKA SHARMA,indore@gmail.com,,1111111111,,1
ZF India ,6,"Pithampur Industrial Area, Madhya Pradesh ",indore-KRITIKA SHARMA,326,Indore,110,454775,KRITIKA SHARMA,indore@gmail.com,,1111111111,,1
IPS ACADMEY,6,"AB Rd, Rajendra Nagar, Indore, Madhya Pradesh ",indore-KRITIKA SHARMA,326,Indore,110,452012,KRITIKA SHARMA,indore@gmail.com,,1111111111,,1
Badve Engineering Ltd,6,"JHPV+R7G, Pithampur Industrial Area, Madhya Pradesh ",indore-KRITIKA SHARMA,326,Indore,110,454774,KRITIKA SHARMA,indore@gmail.com,,1111111111,,1
MOTHERSON SUMI SYSTEMS LIMITE,6," Pithampur Industrial Area, Madhya Pradesh ",indore-KRITIKA SHARMA,326,Indore,110,454775,KRITIKA SHARMA,indore@gmail.com,,1111111111,,1
Rivoltech Engineering Pvt. Ltd.,6,"Pithampur Industrial Area, Sector- 2, Pithampur, Madhya Pradesh",indore-KRITIKA SHARMA,326,Indore,110,452001,KRITIKA SHARMA,indore@gmail.com,,1111111111,,1
MSL Driveline Systems Ltd. ,6,"Pithampur Industrial Area, Sector- 2, Pithampur, Madhya Pradesh",indore-KRITIKA SHARMA,326,Indore,110,452001,KRITIKA SHARMA,indore@gmail.com,,1111111111,,1
SPM Autocomp Systems Pvt. Ltd.,6,"Pithampur Industrial Area, Sector- 2, Pithampur, Madhya Pradesh",indore-KRITIKA SHARMA,326,Indore,110,452001,KRITIKA SHARMA,indore@gmail.com,,1111111111,,1
"Millennium Babycares Pvt Ltd
",6,"Pithampur Industrial Area, Sector- 2, Pithampur, Madhya Pradesh",indore-KRITIKA SHARMA,326,Indore,110,452001,KRITIKA SHARMA,indore@gmail.com,,1111111111,,1
Pithampur Industrial waste management Pvt. Ltd.,6,"Pithampur Industrial Area, Sector- 2, Pithampur, Madhya Pradesh",indore-KRITIKA SHARMA,326,Indore,110,452001,KRITIKA SHARMA,indore@gmail.com,,1111111111,,1
Pacific Global Pasta Factory,6,"Pithampur Industrial Area, Sector- 2, Pithampur, Madhya Pradesh",indore-KRITIKA SHARMA,326,Indore,110,452001,KRITIKA SHARMA,indore@gmail.com,,1111111111,,1
Swaraj Technocraft Pvt Ltd,6,"Plot no. 40, Pithampur Industrial Area, Sector 2, Pithampur, Madhya Pradesh ",indore-KRITIKA SHARMA,326,Indore,110,454775,KRITIKA SHARMA,indore@gmail.com,,1111111111,,1
Aarneel Technocraft Pvt. Ltd.,6,"Plot no. 40, Pithampur Industrial Area, Sector 2, Pithampur, Madhya Pradesh ",indore-KRITIKA SHARMA,326,Indore,110,454775,KRITIKA SHARMA,indore@gmail.com,,1111111111,,1
Delite Auto Industries ,6,"S-2/7, Industrial Area Sec.-1, near Gatiman Unit-I, Pithampur, Madhya Pradesh ",indore-KRITIKA SHARMA,326,Indore,110,454775,KRITIKA SHARMA,indore@gmail.com,,1111111111,,1
Indo Borax & Chemicals Ltd. ,6,"43-46, Industrial Area, Sector: 2, Pithampur, MP",indore-KRITIKA SHARMA,326,Indore,110,454775,KRITIKA SHARMA,indore@gmail.com,,1111111111,,1
Harnex Systems Pvt. Ltd.,6,Pithampur Sec - 3,indore-KRITIKA SHARMA,326,Indore,110,454775,KRITIKA SHARMA,indore@gmail.com,,1111111111,,1
Safeflex International Limited,6,"SEZ Phase - 1 Sector 3,Industrial Area Pithampur ",indore-KRITIKA SHARMA,326,Indore,110,452001,KRITIKA SHARMA,indore@gmail.com,,1111111111,,1
Springtech Suspension Pvt. Ltd.,6,Plot No 51 Nehind Hindustan Motors Sector 3 Pithampur,indore-KRITIKA SHARMA,326,Indore,110,452001,KRITIKA SHARMA,indore@gmail.com,,1111111111,,1
Comsyn,6,Plot No 18 Phase 1 Sector 3 Pithampur  ,indore-KRITIKA SHARMA,326,Indore,110,452001,KRITIKA SHARMA,indore@gmail.com,,1111111111,,1
Mohini Health & Hygiene ,6,"Plot No. 109, Pithampur Industrial Area, Sector-3, Madhya Pradesh ",indore-KRITIKA SHARMA,326,Indore,110,454774,KRITIKA SHARMA,indore@gmail.com,,1111111111,,1
Hy Tech Engineering Pvt. Ltd. ,6," Plot No. A & B, Sector III, Pithampur Tahasil, Madhya Pradesh ",indore-KRITIKA SHARMA,326,Indore,110,454774,KRITIKA SHARMA,indore@gmail.com,,1111111111,,1
Haarish Fabrication,6,"Plot No 17, Distt, Pithampur Industrial Area, Sector-3, Indore, Madhya Pradesh ",indore-KRITIKA SHARMA,326,Indore,110,454774,KRITIKA SHARMA,indore@gmail.com,,1111111111,,1
Okay Fern ,6,Pithampur Sec - 3,indore-KRITIKA SHARMA,326,Indore,110,452001,KRITIKA SHARMA,indore@gmail.com,,1111111111,,1
MTL Pipes India Ltd.,6,"JHCH+RMF, Pithampur Industrial Area, Madhya Pradesh ",indore-KRITIKA SHARMA,326,Indore,110,454774,KRITIKA SHARMA,indore@gmail.com,,1111111111,,1
Shree Ceramic Fibers Pvt. Ltd.,6,"JHFM+QWP, Pithampur Industrial Area, Madhya Pradesh ",indore-KRITIKA SHARMA,326,Indore,110,454774,KRITIKA SHARMA,indore@gmail.com,,1111111111,,1
Enaltec Labs Pvt. Ltd.,6," Plot 825 - 827, Pithampur Industrial Area, Sector-3, Sulawad, Madhya Pradesh ",indore-KRITIKA SHARMA,326,Indore,110,454774,KRITIKA SHARMA,indore@gmail.com,,1111111111,,1
J.S. Machine India Pvt. Ltd.,6,"plot number 628, sector 3, industrial area Pithampur, Madhya Pradesh",indore-KRITIKA SHARMA,326,Indore,110,452001,KRITIKA SHARMA,indore@gmail.com,,1111111111,,1
Hi Tech Butterfly Valves India Pvt. Ltd.,6," 202,Sapna Chamber,Behind Hotel Shreemaya,12/1,South Tukoganj, Indore, Madhya Pradesh ",indore-KRITIKA SHARMA,326,Indore,110,452001,KRITIKA SHARMA,indore@gmail.com,,1111111111,,1
Metalman Auto Pvt. Ltd.,6,"Plot no 116,sec 3 Pithampur Industrial Area, Madhya Pradesh 454774",indore-KRITIKA SHARMA,326,Indore,110,452001,KRITIKA SHARMA,indore@gmail.com,,1111111111,,1
Precision Coating  Pvt. Ltd.,6,Pithampur Sec - 3,indore-KRITIKA SHARMA,326,Indore,110,452001,KRITIKA SHARMA,indore@gmail.com,,1111111111,,1
Quest Laboratories Pvt. Ltd. ,6,"Pithampur Industrial Area, Madhya Pradesh ",indore-KRITIKA SHARMA,326,Indore,110,454775,KRITIKA SHARMA,indore@gmail.com,,1111111111,,1
Kisan Irrigation and Infrasturcture Ltd,6," Pithampur Industrial Area, Madhya Pradesh ",indore-KRITIKA SHARMA,326,Indore,110,454774,KRITIKA SHARMA,indore@gmail.com,,1111111111,,1
Valnik,6,"516-517 Mundi Road Near Dutta Cold Storage, Bijalpur, Indore, Madhya Pradesh ",indore-KRITIKA SHARMA,326,Indore,110,452012,KRITIKA SHARMA,indore@gmail.com,,1111111111,,1
Novonodisk,6," Plot No.32, 47-50, Rd Number 5, Prestige Featherlite Tech Park, Vijayanagar, EPIP Zone, Whitefield, Bengaluru, Karnataka ",indore-KRITIKA SHARMA,326,Bengaluru,110,560066,KRITIKA SHARMA,indore@gmail.com,,1111111111,,1
Symbiotec Pharmalab Private Limited,6," Corporate office and Unit – I (Rau, Indore 385, Pigdamber, Rau, Indore, Madhya Pradesh ",indore-KRITIKA SHARMA,326,Indore,110,45333,KRITIKA SHARMA,indore@gmail.com,,1111111111,,1
Tenneco Clean Air India Pvt. Ltd.,6,"Plot no 81 Smart Industrial Park Behind netrip,Pithampur",indore-KRITIKA SHARMA,326,Indore,110,452001,KRITIKA SHARMA,indore@gmail.com,,1111111111,,1
Sage Univertsity,6,"Kailod Kartal, Indore-Dewas By-Pass, Road, Indore, Madhya Pradesh ",indore-KRITIKA SHARMA,326,Indore,110,452020,KRITIKA SHARMA,indore@gmail.com,,1111111111,,1
Lloyd Insulations (INDIA) Ltd,6,Plot No 102-103 Sector 3 PITHAMPUR,indore-KRITIKA SHARMA,326,Indore,110,452001,KRITIKA SHARMA,indore@gmail.com,,1111111111,,1
Ralson Tyres Limited,6,"Plot No.52 to 60, Smart Industrial Park, near NATRIP, Pithampur, Madhya Pradesh ",indore-KRITIKA SHARMA,326,Indore,110,454774,KRITIKA SHARMA,indore@gmail.com,,1111111111,,1
MADI-CAPES,6,"AB Rd, Pigdamber, Rau, Indore, Madhya Pradesh ",indore-KRITIKA SHARMA,326,Indore,110,453331,KRITIKA SHARMA,indore@gmail.com,,1111111111,,1
Schwing Stetter,6,"Plot no. 1074/9/1 AB Road ( By pass Opposite Silicon Valley Housing Project Rao, Indore, Madhya Pradesh ",indore-KRITIKA SHARMA,326,Indore,110,453331,KRITIKA SHARMA,indore@gmail.com,,1111111111,,1
Jalpa Devi,6,"JHCG+J9R, Pithampur Industrial Area, Madhya Pradesh ",indore-KRITIKA SHARMA,326,Indore,110,454774,KRITIKA SHARMA,indore@gmail.com,,1111111111,,1
Wheels India,6," Mumbai - Agra National Hwy, Pithampur Industrial Area, Pithampur, Madhya Pradesh ",indore-KRITIKA SHARMA,326,Indore,110,453441,KRITIKA SHARMA,indore@gmail.com,,1111111111,,1
Surin Automotive Pvt Ltd.,6,"JHMQ+47H, Pithampur Industrial Area, Madhya Pradesh ",indore-KRITIKA SHARMA,326,Indore,110,454774,KRITIKA SHARMA,indore@gmail.com,,1111111111,,1
BRAKES INDIA LTD,6," Rau - Pithampur Rd, Madhya Pradesh ",indore-KRITIKA SHARMA,326,Indore,110,454775,KRITIKA SHARMA,indore@gmail.com,,1111111111,,1
TORRENT PHARMACEUTICALS LTD.,6,"Plot. No. 810, Sector III, Industrial Area Pithampur, Kalibillod, Madhya Pradesh ",indore-KRITIKA SHARMA,326,Indore,110,454775,KRITIKA SHARMA,indore@gmail.com,,1111111111,,1
WABCO INDIA LTD,6,"Sector- 3, Indore, Madhya Pradesh ",indore-KRITIKA SHARMA,326,Indore,110,453331,KRITIKA SHARMA,indore@gmail.com,,1111111111,,1
Syncom,6,"256-257, Sector 1, Pithampur, Madhya Pradesh ",indore-KRITIKA SHARMA,326,Indore,110,454775,KRITIKA SHARMA,indore@gmail.com,,1111111111,,1
"FAB INDIA OVERSEAS PVT. LTD.,",6,NIPANIA INODRE,indore-KUNAL SINGH,326,Indore,110,452001,KUNAL SINGH,indore@gmail.com,,1111111111,,1
HINDUSTAN COCA-COLA BEVE,6,"Shagun Tower, Vijay Nagar Indore.",indore-KUNAL SINGH,326,Indore,110,452001,KUNAL SINGH,indore@gmail.com,,1111111111,,1
EMCURE PHARMA LTD,6,"Plot P-II, IT-BT Park, M.I.D.C.,Hinjawadi, Pune",indore-KUNAL SINGH,326,Pune,110,411 057,KUNAL SINGH,indore@gmail.com,,1111111111,,1
INDIAN INSTITUTE OF MANAGEMENT,6,"Prabandh Shikhar, Rau - Pithampur Rd, Indore, Madhya Pradesh ",indore-KUNAL SINGH,326,Indore,110,453556,KUNAL SINGH,indore@gmail.com,,1111111111,,1
INSECTICIDES INDIA LTD,6,"64 SDA Compound, near Agni gas gowdown dewas naka.",indore-KUNAL SINGH,326,Indore,110,452001,KUNAL SINGH,indore@gmail.com,,1111111111,,1
ALLANA SONS LTD,6,"Allanasons Private Limited. Allana House, Allana Road, Colaba, Mumbai 400 001, India",indore-KUNAL SINGH,326,Mumbai,110,400001,KUNAL SINGH,indore@gmail.com,,1111111111,,1
"MAHLE Engine Compo IPL,",6,"Plot No. 112, Sector 1, Pithampur Industrial Area, Pithampur",indore-KUNAL SINGH,326,Indore,110,454775,KUNAL SINGH,indore@gmail.com,,1111111111,,1
NATIONAL HIGHWAYS AUTHORITY,6,"MWWG+4J9, Bhicholi Mardana, Madhya Pradesh ",indore-KUNAL SINGH,326,Indore,110,452016,KUNAL SINGH,indore@gmail.com,,1111111111,,1
ORIENTAL STRUCTURAL ENGINEERS,6,"Scheme-74 C, Vijay Nagar, Vijay Nagar, Indore, Madhya Pradesh ",indore-KUNAL SINGH,326,Indore,110,452011,KUNAL SINGH,indore@gmail.com,,1111111111,,1
SHREE TIRUPATI BALAJI AGRO TR,6,"Plot No. 640, Pithampur Industrial Area, Sector-3, Madhya Pradesh ",indore-KUNAL SINGH,326,Indore,110,454775,KUNAL SINGH,indore@gmail.com,,1111111111,,1
Shreeji Polymers - SHREEJEE PACKAGING,6,"Plot No. M-9 Misc Zone SEZ-Phase II, Pithampur Industrial Area, Madhya Pradesh ",indore-KUNAL SINGH,326,Indore,110,454775,KUNAL SINGH,indore@gmail.com,,1111111111,,1
MAHINDRA 2 WHEELERS LTD.,6,"Plot No. 02, Industrial Area No. 01 Pithampur ",indore-KUNAL SINGH,326,Indore,110,454775,KUNAL SINGH,indore@gmail.com,,1111111111,,1
MACLEODS PHARMACEUTICALS LTD ,6,"Plot no m-50 ,54 A sez Pithampur, Madhya Pradesh",indore-KUNAL SINGH,326,Indore,110,452001,KUNAL SINGH,indore@gmail.com,,1111111111,,1
TITAN INDUSTRIES LTD.,6,Shagun Tower Indore,indore-KUNAL SINGH,326,Indore,110,452001,KUNAL SINGH,indore@gmail.com,,1111111111,,1
"MAHINDRA & MAHINDDRA FINACIAL,",6,"106-109, 2nd Floor, Shagun Sterling, AB Road, Above of Apna Sweets, Vijay Nagar, Indore, Madhya Pradesh ",indore-KUNAL SINGH,326,Indore,110,452010,KUNAL SINGH,indore@gmail.com,,1111111111,,1
"ORIENTAL PATHWAYS (INDORE) P L,",6,Khalghat Toll Plaza Khalghat Dharampuri,indore-KUNAL SINGH,326,Indore,110,452001,KUNAL SINGH,indore@gmail.com,,1111111111,,1
CROMPTON GREAVES LTD,6,"Railway Signalling Division 11 B, Industrial Area No1, Pithampur, District-Dhar, Madhya Pradesh ",indore-KUNAL SINGH,326,Indore,110,454775,KUNAL SINGH,indore@gmail.com,,1111111111,,1
FORCE MOTORS LIMITED......,6,"Plot No-, Pithampur, Dhar - 454775, Sector-1, Pithampur Industrial Area",indore-KUNAL SINGH,326,Indore,110,452001,KUNAL SINGH,indore@gmail.com,,1111111111,,1
MITTAL APPLIANCES LIMITED,6,"Plot No.75, Sector No.3, Pithampur (Dhar), Pithampur, Dhar - 454775",indore-KUNAL SINGH,326,Indore,110,454775,KUNAL SINGH,indore@gmail.com,,1111111111,,1
STI INDIA LIMITED,6,"Rau-Pithampur, Link Road Tehsil-Mhow Indore 453332",indore-KUNAL SINGH,326,Indore,110,453332,KUNAL SINGH,indore@gmail.com,,1111111111,,1
UNICHEM LABORATORIES LTD,6,"196, Sector 1, Pritampur, Indore, Madhya Pradesh 452009",indore-KUNAL SINGH,326,Indore,110,452009,KUNAL SINGH,indore@gmail.com,,1111111111,,1
SKF INDIA LTD,6,"Chinchwad, near Chapekar Chowk, Pune, Maharashtra ",indore-KUNAL SINGH,326,Pune,110,411033,KUNAL SINGH,indore@gmail.com,,1111111111,,1
"NEON LABORATORIES LIMITED,",6,"140, Damji Samji Industrial Complex, Mahakali Caves Rd, Andheri(East), Mumbai, Maharashtra ",indore-KUNAL SINGH,326,Mumbai,110,400093,KUNAL SINGH,indore@gmail.com,,1111111111,,1
GATIMAN AUTO PVT LTD,6,"S - 4/4, Sector-1, Pithampu, Pithampur, Dhar ",indore-KUNAL SINGH,326,Indore,110,454775 ,KUNAL SINGH,indore@gmail.com,,1111111111,,1
SHREEJEE PACKAGING,6,"Plot No. M-9 Misc Zone SEZ-Phase II, Pithampur Industrial Area, Madhya Pradesh ",indore-KUNAL SINGH,326,Indore,110,454775,KUNAL SINGH,indore@gmail.com,,1111111111,,1
"ASAHI INDIA GLASS LTD,",6,MIDC Taloja Mumbai,indore-KUNAL SINGH,326,Indore,110,452001,KUNAL SINGH,indore@gmail.com,,1111111111,,1
ACG ASSOCIATED CAPSULES PVT LTD,6,"Plot No M29-44,Pharma Zone, SEZ Phase 2, Pithampur, Madhya Pradesh ",indore-KUNAL SINGH,326,Indore,110,454775,KUNAL SINGH,indore@gmail.com,,1111111111,,1
BALAJI WAFERS PVT LTD,6,"SONWAY BHESLAY INDUSTRIAL AREA, Indore, Madhya Pradesh ",indore-KUNAL SINGH,326,Indore,110,453332,KUNAL SINGH,indore@gmail.com,,1111111111,,1
CHT INDIA PVT LTD ,6,"Ghotkamp Koyana Vele, Taloja, Koyana Velhe, Maharashtra ",indore-KUNAL SINGH,326,Indore,110,410208,KUNAL SINGH,indore@gmail.com,,1111111111,,1
DIGIANA INDUSTRIES PVT LTD OM,6,49-50 Sampat Farms 6th Cross Road Bicholi Mardana Indore ,indore-KUNAL SINGH,326,Indore,110,452016,KUNAL SINGH,indore@gmail.com,,1111111111,,1
"BHAGIRATH COACH & METAL ,",6,"Plot No. 202 Sector -1. Pithampur, Dist (Dhar) M.P.",indore-KUNAL SINGH,326,Indore,110,452001,KUNAL SINGH,indore@gmail.com,,1111111111,,1
AGAPE BUSINESS CORPORATION ,6,"Anup Nagar Main Road No 1 402, Indore",indore-KUNAL SINGH,326,Indore,110,452001,KUNAL SINGH,indore@gmail.com,,1111111111,,1
PINNACLE INDUSTRIES LTD.,6,"190-191,Industrial Estate,Sector No. 1, Pithampur, Madhya Pradesh ",indore-KUNAL SINGH,326,Indore,110,454775,KUNAL SINGH,indore@gmail.com,,1111111111,,1
MITTAL CORP - JEWELS SEAMLES ,6,"Plot No.75, Sector No.3, Pithampur (Dhar), Pithampur, Dhar ",indore-KUNAL SINGH,326,Indore,110,454775,KUNAL SINGH,indore@gmail.com,,1111111111,,1
"BOBST INDIA PVT.LTD,",6,"Gut. NO. 82, Village - Kasar Amboli, Tal Mulshi Ghotawade Road, Temghar-Lavasa Rd, Pirangut, Maharashtra ",indore-KUNAL SINGH,326,Indore,110,412108,KUNAL SINGH,indore@gmail.com,,1111111111,,1
JK FILES & TOOLS  (RAYMOND,6,"Plot No. 198, Sector 1,, Pithampur - 454775, Madhya Pradesh, India",indore-KUNAL SINGH,326,Indore,110,454775,KUNAL SINGH,indore@gmail.com,,1111111111,,1
"SM AUTO ENGG. PVT. LTD,",6,"Pithampur Industrial Area, Sec I Pithampur, Madhya Pradesh 454775",indore-KUNAL SINGH,326,Indore,110,454775,KUNAL SINGH,indore@gmail.com,,1111111111,,1
JYOTI LAB LTD,6,"plot no 201, Pithampur Industrial Area, Sector 1, Pithampur, Madhya Pradesh 454775",indore-KUNAL SINGH,326,Indore,110,454775,KUNAL SINGH,indore@gmail.com,,1111111111,,1
Innovative Clad Solutions Pvt,6,"Plot No. M-7, SEZ-II, Miscellaneous Zone, Pithampur, Distt.-Dhar, Madhya Pradesh",indore-KUNAL SINGH,326,Indore,110,452001,KUNAL SINGH,indore@gmail.com,,1111111111,,1
KORES (INDIA) LIMITED,6,"Plot No. 6, Sector 1, Pithampur, Dhar-454775, Madhya Pradesh, India",indore-KUNAL SINGH,326,Indore,110,454775,KUNAL SINGH,indore@gmail.com,,1111111111,,1
MAHINDRA LOGISTICS,6,"JM7J+8W3, Pithampur Industrial Area, Sagour Kuti, Pithampur, Madhya Pradesh 454775",indore-KUNAL SINGH,326,Indore,110,454775,KUNAL SINGH,indore@gmail.com,,1111111111,,1
SHANKAR SOYA CONCEPTS,6,M-48 Indore Special Economic Zone Phase-II Pithampur-454774 Dist-Dhar (M.P.) India.,indore-KUNAL SINGH,326,Indore,110,454774,KUNAL SINGH,indore@gmail.com,,1111111111,,1
RAJRATAN GLOBEL WIRE LTD,6,"Plot No.200,, Sector 1, Pithampur, Madhya Pradesh",indore-KUNAL SINGH,326,Indore,110,452001,KUNAL SINGH,indore@gmail.com,,1111111111,,1
KSPG AUTOMOTIVE INDIA PVT LTD,6,GAT NO.380 VILLAGE TAKWE BUDRUK TALUKA MAVAL DIST. PUNE,indore-KUNAL SINGH,326,Indore,110,452001,KUNAL SINGH,indore@gmail.com,,1111111111,,1
"MINDA GROUP,",6,"S-2/8, Behind Tata Chemicals Sector 1, Pithampur, Madhya Pradesh 454775",indore-KUNAL SINGH,326,Indore,110,454775,KUNAL SINGH,indore@gmail.com,,1111111111,,1
KUSUM HEALTHCARE PVT LTD,6,"Plot No. M-3, ISEZ, Phase, 2, Pithampur, Madhya Pradesh 454775",indore-KUNAL SINGH,326,Indore,110,454775,KUNAL SINGH,indore@gmail.com,,1111111111,,1
UnitedHealth Group,6,"Unitech Cyber Park, Tower C, 1st Floor, Sector 39, Gurgaon, Haryana, India",indore-KUNAL SINGH,326,Gurgaon,110,,KUNAL SINGH,indore@gmail.com,,1111111111,,1
RAYMOND LIMITED,6,"New Hind House, Narottam Morarjee Marg, Ballard Estate, Mumbai – 400 001, Maharashtra, India. ",indore-KUNAL SINGH,326,Mumbai,110,400001,KUNAL SINGH,indore@gmail.com,,1111111111,,1
FELIX GENERICS PRIVATE LIMITE,6,"plot no M24-27 sez, Pithampur Industrial Area, Madhya Pradesh ",indore-KUNAL SINGH,326,Indore,110,454775,KUNAL SINGH,indore@gmail.com,,1111111111,,1
JYOTHY LABORATORIES LTD,6,"plot no 201, Pithampur Industrial Area, Sector 1, Pithampur, Madhya Pradesh ",indore-KUNAL SINGH,326,Indore,110,454775,KUNAL SINGH,indore@gmail.com,,1111111111,,1
BANDHAN BANK LIMITED,6,"Floors 12-14, Adventz Infinity@5, BN 5, Sector V, Salt Lake City, Kolkata ",indore-KUNAL SINGH,326,Indore,110,700091,KUNAL SINGH,indore@gmail.com,,1111111111,,1
SK TRADERS,6,"Near, Block-M Friends Row Housing Society, Near SBI ATM, Service Road, Ring Road, Bengali Square, Indore, Madhya Pradesh ",indore-KUNAL SINGH,326,Indore,110,452001,KUNAL SINGH,indore@gmail.com,,1111111111,,1
MAHLE FILTER SYSTEMS INDIA,6,"38th Milestone, National Highway No. 8, Behrampur Road, Khandsa 122 001 Gurgaon , Haryana ",indore-KUNAL SINGH,326,Gurgaon,110,,KUNAL SINGH,indore@gmail.com,,1111111111,,1
KUSUM HEALTHCARE PRIVATE LIMI,6,"Plot No. M-3, ISEZ, Phase, 2, Pithampur, Madhya Pradesh ",indore-KUNAL SINGH,326,Indore,110,454775,KUNAL SINGH,indore@gmail.com,,1111111111,,1
FELIX GENERICS PRIVATE LIMITE,6,"plot no M24-27 sez, Pithampur Industrial Area, Madhya Pradesh ",indore-KUNAL SINGH,326,Indore,110,454775,KUNAL SINGH,indore@gmail.com,,1111111111,,1
INDIAN ARMY,6,"95B Army war college, MHOW",indore-KUNAL SINGH,326,Indore,110,452001,KUNAL SINGH,indore@gmail.com,,1111111111,,1
"CUMMINS INDIA LIMITED,",6,"Indore Special Economic Zone Phase II, Division of Cummins Technologies India ltd, Plot No. M5, Sector 3, Pithampur, Madhya Pradesh ",indore-UMAR FAROOQ,326,Indore,110,454775,UMAR FAROOQ,indore@gmail.com,,1111111111,,1
CUMMINS TECHNO INDIA -DEWAS,6,"IDI-CTT Dewas indirect,AB Rd 455001, Industrial Area No.2, Dewas, Madhya Pradesh ",indore-UMAR FAROOQ,326,Indore,110,455111,UMAR FAROOQ,indore@gmail.com,,1111111111,,1
Deccan Sales & Service Pvt. Ltd.,6,"W-a-108, Sector A, Scheme No 94, Near Bombay Hospital, Ring Road, Sector A, Indore, Madhya Pradesh ",indore-UMAR FAROOQ,326,Indore,110,452010,UMAR FAROOQ,indore@gmail.com,,1111111111,,1
FLEXITUFF INTERNATIONAL,6," Z, C 41-50, S.E, Sector - 3, Pithampur, Madhya Pradesh ",indore-UMAR FAROOQ,326,Indore,110,454775,UMAR FAROOQ,indore@gmail.com,,1111111111,,1
"GAYATRI PROJECTS,Seema",6,"Indore Dewas Toll Tax, AB Road",indore-UMAR FAROOQ,326,Indore,110,452001,UMAR FAROOQ,indore@gmail.com,,1111111111,,1
GLENMARK GENRICS,6,"S R Compound Ashirwad Complex Naka, Lasudia, Madhya Pradesh",indore-UMAR FAROOQ,326,Indore,110,452001,UMAR FAROOQ,indore@gmail.com,,1111111111,,1
GLENMARK PHARMACEUTICA LS LIM,6," Plot No.2, Phase II, Pharma Zone, ISEZ, Pithampur, Madhya Pradesh ",indore-UMAR FAROOQ,326,Indore,110,454775,UMAR FAROOQ,indore@gmail.com,,1111111111,,1
GLENMARK PHARMACEUTICALS LTD,6," Plot No.2, Phase II, Pharma Zone, ISEZ, Pithampur, Madhya Pradesh ",indore-UMAR FAROOQ,326,Indore,110,454775,UMAR FAROOQ,indore@gmail.com,,1111111111,,1
ICICI PRUDENTIAL LIFE INSUR,6," 509 & 510, Shagun Arcade, Plot No-8 Scheme no-54, Vijay Nagar Circle AB road, Indore Shagun Arcade Mall, Vijay Nagar Square",indore-UMAR FAROOQ,326,Indore,110,452001,UMAR FAROOQ,indore@gmail.com,,1111111111,,1
Incredible NIFD,6,"Near Rajpal Toyota Showroom, Dewas Naka Square, AB Rd, Niranjanpur, Indore, Madhya Pradesh ",indore-UMAR FAROOQ,326,Indore,110,452010,UMAR FAROOQ,indore@gmail.com,,1111111111,,1
INDIAN OIL CORP. LTD-IND DEPO,6,"Indore Div. Office, Indian Oil Bhavan, Plot No. 8, Scheme No. 159, Mr.-10, Kushabhau Thakre Marg,",indore-UMAR FAROOQ,326,Indore,110,452001,UMAR FAROOQ,indore@gmail.com,,1111111111,,1
INDIAN OIL CORPORATION ,6,"Star Square, Indore",indore-UMAR FAROOQ,326,Indore,110,452001,UMAR FAROOQ,indore@gmail.com,,1111111111,,1
INDIAN OIL CORPORATION - ABOV,6,"Indore Div. Office, Indian Oil Bhavan, Plot No. 8, Scheme No. 159, Mr.-10, Kushabhau Thakre Marg,",indore-UMAR FAROOQ,326,Indore,110,452001,UMAR FAROOQ,indore@gmail.com,,1111111111,,1
INDIAN OIL CORPORATION - F,6,"Indore Div. Office, Indian Oil Bhavan, Plot No. 8, Scheme No. 159, Mr.-10, Kushabhau Thakre Marg,",indore-UMAR FAROOQ,326,Indore,110,452001,UMAR FAROOQ,indore@gmail.com,,1111111111,,1
INDIAN OIL CORPORATION - G,6,"Indore Div. Office, Indian Oil Bhavan, Plot No. 8, Scheme No. 159, Mr.-10, Kushabhau Thakre Marg,",indore-UMAR FAROOQ,326,Indore,110,452001,UMAR FAROOQ,indore@gmail.com,,1111111111,,1
INDIAN OIL CORPORATION - H &,6,"Indore Div. Office, Indian Oil Bhavan, Plot No. 8, Scheme No. 159, Mr.-10, Kushabhau Thakre Marg,",indore-UMAR FAROOQ,326,Indore,110,452001,UMAR FAROOQ,indore@gmail.com,,1111111111,,1
INFOSYS LIMITED TED,6,Super Corridor,indore-UMAR FAROOQ,326,Indore,110,452001,UMAR FAROOQ,indore@gmail.com,,1111111111,,1
KEC INTERNATIONAL LTD,6,Scheme 74. Indore,indore-UMAR FAROOQ,326,Indore,110,452001,UMAR FAROOQ,indore@gmail.com,,1111111111,,1
Kotak Infrastructure & Projec,6," Near Square, Metro Tower, AB Rd, Vijay Nagar",indore-UMAR FAROOQ,326,Indore,110,452001,UMAR FAROOQ,indore@gmail.com,,1111111111,,1
KOTAK MAHINDRA PRIME LTD,6,"Kotak Mahindra Prime Ltd in Vijay Nagar,",indore-UMAR FAROOQ,326,Indore,110,452001,UMAR FAROOQ,indore@gmail.com,,1111111111,,1
KOTAK SECURITIES LTD,6,"No 304/305, City Centre, 570, Mahatma Gandhi Rd",indore-UMAR FAROOQ,326,Indore,110,452001,UMAR FAROOQ,indore@gmail.com,,1111111111,,1
"LIONS CLUB INTERNATIONAL,",6,"Lions Club of Indore Blood Bank. Address : East 9, Premkumari Hospital, Biyabani, Biyabani",indore-UMAR FAROOQ,326,Indore,110,452001,UMAR FAROOQ,indore@gmail.com,,1111111111,,1
"LIUGONG INDIA (P) LTD,",6,"Behind Bagdun Thana, Sec 3 Pithampur",indore-UMAR FAROOQ,326,Indore,110,452001,UMAR FAROOQ,indore@gmail.com,,1111111111,,1
LUPIN LTD. - INDORE,6,"S D A Compound, Agra Bombay Rd, Dewas Naka, Lasudia Mori, Indore, Madhya Pradesh ",indore-UMAR FAROOQ,326,Indore,110,452008,UMAR FAROOQ,indore@gmail.com,,1111111111,,1
Lupin Ltd-Pithampur,6," Plot No. 2, SEZ Phase-II, Misc Zone, Apparel Park, District Dhar, Pithampur, Madhya Pradesh ",indore-UMAR FAROOQ,326,Indore,110,454775,UMAR FAROOQ,indore@gmail.com,,1111111111,,1
MRF CORP LIMITED ,6,"Plot no, 11C, Ring Rd",indore-UMAR FAROOQ,326,Indore,110,452001,UMAR FAROOQ,indore@gmail.com,,1111111111,,1
"NOKIA SIEMENS NETWORK ,",6,"Ground Floor, Brilliant Solitaire",indore-UMAR FAROOQ,326,Indore,110,452001,UMAR FAROOQ,indore@gmail.com,,1111111111,,1
PRATIBHA SINTEX LIMITED,6,"Plot No. 4, Industrial Growth Centre, Kheda, Pithampur, Madhya Pradesh ",indore-UMAR FAROOQ,326,Indore,110,454774,UMAR FAROOQ,indore@gmail.com,,1111111111,,1
RELIANCE LIFE INSURANCE,6,"Shop Number. 104, 105, Captain C.S. Naidu Building, Greater Kailash Road, Opposite Grotto, Old Palasia, Indore",indore-UMAR FAROOQ,326,Indore,110,452001,UMAR FAROOQ,indore@gmail.com,,1111111111,,1
SAMSUNG INDIA ELECTRONIC,6,"1st Floor, Brilliant Titanium",indore-UMAR FAROOQ,326,Indore,110,452001,UMAR FAROOQ,indore@gmail.com,,1111111111,,1
SONY INDIA PVT LIMITED,6,"4th Floor, Brilliant Solitaire",indore-UMAR FAROOQ,326,Indore,110,452001,UMAR FAROOQ,indore@gmail.com,,1111111111,,1
SRF LIMITED,6,"Mhow-Ghatabillod Road, Pithampur Industrial Area, Indore District, Pithampur, Madhya Pradesh ",indore-UMAR FAROOQ,326,Indore,110,454774,UMAR FAROOQ,indore@gmail.com,,1111111111,,1
SRF LTD,6,"PQRF+85F, Nainod Village, Nainod, Indore,",indore-UMAR FAROOQ,326,Indore,110,452001,UMAR FAROOQ,indore@gmail.com,,1111111111,,1
SRF LTD. P-675 VILL. BAGDON P,6,BAGDON ,indore-UMAR FAROOQ,326,Indore,110,452001,UMAR FAROOQ,indore@gmail.com,,1111111111,,1
SYMBIOISIS FOUNDATION,6,"University of Applied Sciences is a private university in Indore,",indore-UMAR FAROOQ,326,Indore,110,452001,UMAR FAROOQ,indore@gmail.com,,1111111111,,1
SYMBIOSIS UNIVERSITY OF APPLI,6,"University of Applied Sciences is a private university in Indore,",indore-UMAR FAROOQ,326,Indore,110,452001,UMAR FAROOQ,indore@gmail.com,,1111111111,,1
SYNGENTA INDIA LIMITED  ( N,6,Satguru Parinay Indore/Kalod Bypass,indore-UMAR FAROOQ,326,Indore,110,452001,UMAR FAROOQ,indore@gmail.com,,1111111111,,1
TATA CONSULTANCY SERVICES,6,Super Corridor,indore-UMAR FAROOQ,326,Indore,110,452001,UMAR FAROOQ,indore@gmail.com,,1111111111,,1
TATA PROJECTS LTD,6,Super Corridor,indore-UMAR FAROOQ,326,Indore,110,452001,UMAR FAROOQ,indore@gmail.com,,1111111111,,1
"VE COMMERCIAL VEHICLES LTD DEW,",6,"Police Colony, Industrial Area No. 3, Dewas, Madhya",indore-UMAR FAROOQ,326,Indore,110,452001,UMAR FAROOQ,indore@gmail.com,,1111111111,,1
"VE COMMERCIAL VEHICLES-EICHER,",6," Plot Nos. A-1 to 3-B & C-51 to 56, Phase - 1, Pithampur",indore-UMAR FAROOQ,326,Indore,110,452001,UMAR FAROOQ,indore@gmail.com,,1111111111,,1
HDFC ASSET MANAGEMENT CO.LTD.,6," Sterling Arcade, Race Course Rd, Near Janjeerwala Square, Opposite B.B.C, New Palasia,",indore-UMAR FAROOQ,326,Indore,110,452001,UMAR FAROOQ,indore@gmail.com,,1111111111,,1
HDFC ERGO,6,"DM Tower 205-206, 2nd Floor, New Palasia, ",indore-UMAR FAROOQ,326,Indore,110,452001,UMAR FAROOQ,indore@gmail.com,,1111111111,,1
HDFC STANDARD LIFE CORPOR,6,"302/303, Satyaraj Building 18/PU3, AB Rd, Indore",indore-UMAR FAROOQ,326,Indore,110,452001,UMAR FAROOQ,indore@gmail.com,,1111111111,,1
HDFC STANDARD LIFE INSU                ,6,"Satyaraj Building 18/PU3, AB Rd, Indore,",indore-UMAR FAROOQ,326,Indore,110,452001,UMAR FAROOQ,indore@gmail.com,,1111111111,,1
ABBOTT HEALTH CARE ,6,"1st Floor, Agarwal Palace, South Tukoganj, Indore, Madhya Pradesh ",indore-UMAR FAROOQ,326,Indore,110,452001,UMAR FAROOQ,indore@gmail.com,,1111111111,,1
ABBOTT INDIA LIMITED,6,"1st Floor, Agarwal Palace, South Tukoganj, Indore, Madhya Pradesh ",indore-UMAR FAROOQ,326,Indore,110,452001,UMAR FAROOQ,indore@gmail.com,,1111111111,,1
HDFC BANK,6,"Ankur Alley, No 91 A, SCH 54, Sector A, AB Rd, Vijay Nagar, Indore",indore-UMAR FAROOQ,326,Indore,110,452001,UMAR FAROOQ,indore@gmail.com,,1111111111,,1
"ALKEM LABORATORIES LTD,",6," JJCR+GC3, SEZ 1 Pithampur Industrial Area, Madhya Pradesh ",indore-UMAR FAROOQ,326,Indore,110,454775,UMAR FAROOQ,indore@gmail.com,,1111111111,,1
APOLLO RAJSHREE HOSPITALS PVT,6," Sector-D, Scheme No 74C, Vijay Nagar, Indore, ",indore-UMAR FAROOQ,326,Indore,110,452001,UMAR FAROOQ,indore@gmail.com,,1111111111,,1
ARIHANT CAPITAL MARKETS LIMITED,6," 601 Atlantis Tower, Plot No. 13-A, Part II, Part 2, Indore",indore-UMAR FAROOQ,326,Indore,110,452001,UMAR FAROOQ,indore@gmail.com,,1111111111,,1
ASHOK LEYLAND,6,"NRK Business Park, 6th, Chauraha, Vijay Nagar, Indore",indore-UMAR FAROOQ,326,Indore,110,452001,UMAR FAROOQ,indore@gmail.com,,1111111111,,1
BANK OF INDIA,6,BANK OF INDIA,indore-UMAR FAROOQ,326,Indore,110,452001,UMAR FAROOQ,indore@gmail.com,,1111111111,,1
BHARTI AIRTEL LTD- MOBILE,6,"4th Floor, Metro Tower, Agra Bombay Rd Sceme No 54, Vijay Nagar, Indore,",indore-UMAR FAROOQ,326,Indore,110,452001,UMAR FAROOQ,indore@gmail.com,,1111111111,,1
BHARTI AIRTEL LTD.LANDLINE,6,"4th Floor, Metro Tower, Agra Bombay Rd Sceme No 54, Vijay Nagar, Indore,",indore-UMAR FAROOQ,326,Indore,110,452001,UMAR FAROOQ,indore@gmail.com,,1111111111,,1
"BHARTI INFRATEL LTD,",6,"4th Floor, Metro Tower, Agra Bombay Rd Sceme No 54, Vijay Nagar, Indore,",indore-UMAR FAROOQ,326,Indore,110,452001,UMAR FAROOQ,indore@gmail.com,,1111111111,,1
BOMBAY HOSPITAL,6,"No.94, IDA Scheme, 95, Eastern Ring Rd, Tulsi Nagar, Vijay Nagar, Indore",indore-UMAR FAROOQ,326,Indore,110,452001,UMAR FAROOQ,indore@gmail.com,,1111111111,,1
BRIDGESTONE INDIA LIMITED,6,"Sec 3 Pithampur Industrial Area, Madhya Pradesh ",indore-UMAR FAROOQ,326,Indore,110,454775,UMAR FAROOQ,indore@gmail.com,,1111111111,,1
CACHAT PHARMACEUTICALS LIMITED,6,"415, Shah And Nahar Industrial Estate, Dr E Moses Road, Worli, Mumbai, Maharashtra ",indore-UMAR FAROOQ,326,Mumbai,110,400018,UMAR FAROOQ,indore@gmail.com,,1111111111,,1
CASE NEW HOLLAND CONST.EQUIP,6," Plot No 157, Sec 3 Pithampur",indore-UMAR FAROOQ,326,Indore,110,452001,UMAR FAROOQ,indore@gmail.com,,1111111111,,1
KOTAK MAHINDRA BANK LTD,6,"Kotak Mahindra Prime Ltd in Vijay Nagar,",indore-UMAR FAROOQ,326,Indore,110,452001,UMAR FAROOQ,indore@gmail.com,,1111111111,,1
KOTAK MAHINDRA LIFE INSU CO LTD,6,"Kotak Mahindra Prime Ltd in Vijay Nagar,",indore-UMAR FAROOQ,326,Indore,110,452001,UMAR FAROOQ,indore@gmail.com,,1111111111,,1
RELIANCE CAPITAL ASSET MA,6," Dhan Trident,4th Floor, beside Metro Tower, Scheme 54 PU4, Indore",indore-UMAR FAROOQ,326,Indore,110,452001,UMAR FAROOQ,indore@gmail.com,,1111111111,,1
RELIANCE CAPITAL LTD.,6," Dhan Trident,4th Floor, beside Metro Tower, Scheme 54 PU4, Indore",indore-UMAR FAROOQ,326,Indore,110,452001,UMAR FAROOQ,indore@gmail.com,,1111111111,,1
RELIANCE CEMENTCOMPANY PVT LT,6," Dhan Trident,4th Floor, beside Metro Tower, Scheme 54 PU4, Indore",indore-UMAR FAROOQ,326,Indore,110,452001,UMAR FAROOQ,indore@gmail.com,,1111111111,,1
"RELIANCE COMMUNICATIONS,",6," Dhan Trident,4th Floor, beside Metro Tower, Scheme 54 PU4, Indore",indore-UMAR FAROOQ,326,Indore,110,452001,UMAR FAROOQ,indore@gmail.com,,1111111111,,1
RELIANCE GENERAL INSU.CO LTD.,6," Dhan Trident,4th Floor, beside Metro Tower, Scheme 54 PU4, Indore",indore-UMAR FAROOQ,326,Indore,110,452001,UMAR FAROOQ,indore@gmail.com,,1111111111,,1
RELIANCE INDUS - RETAIL DIV,6," Dhan Trident,4th Floor, beside Metro Tower, Scheme 54 PU4, Indore",indore-UMAR FAROOQ,326,Indore,110,452001,UMAR FAROOQ,indore@gmail.com,,1111111111,,1
RELIANCE INDUSTRIES LIMITE,6," Dhan Trident,4th Floor, beside Metro Tower, Scheme 54 PU4, Indore",indore-UMAR FAROOQ,326,Indore,110,452001,UMAR FAROOQ,indore@gmail.com,,1111111111,,1
RELIANCE INDUSTRIES PETROLEUM,6," Dhan Trident,4th Floor, beside Metro Tower, Scheme 54 PU4, Indore",indore-UMAR FAROOQ,326,Indore,110,452001,UMAR FAROOQ,indore@gmail.com,,1111111111,,1
RELIANCE JIO INFOCOMM LIMITED,6," Dhan Trident,4th Floor, beside Metro Tower, Scheme 54 PU4, Indore",indore-UMAR FAROOQ,326,Indore,110,452001,UMAR FAROOQ,indore@gmail.com,,1111111111,,1
Reliance Jio Infocomm Ltd,6," Dhan Trident,4th Floor, beside Metro Tower, Scheme 54 PU4, Indore",indore-UMAR FAROOQ,326,Indore,110,452001,UMAR FAROOQ,indore@gmail.com,,1111111111,,1
RELIANCE MONEY LTD,6," Dhan Trident,4th Floor, beside Metro Tower, Scheme 54 PU4, Indore",indore-UMAR FAROOQ,326,Indore,110,452001,UMAR FAROOQ,indore@gmail.com,,1111111111,,1
ROCA BATHROOM PRODUCTS,6,INDUSTRIAL AREA 2 DEWAS,indore-PROMIT ROY,326,Indore,110,452001,PROMIT ROY,indore@gmail.com,,1111111111,,1
JOHN DEERE,6,KHATHAMBA DEWAS,indore-PROMIT ROY,326,Indore,110,452001,PROMIT ROY,indore@gmail.com,,1111111111,,1
TATA INTERNATIONAL LIMITE,6,INDUSTRIAL AREA 1 DEWAS,indore-PROMIT ROY,326,Indore,110,452001,PROMIT ROY,indore@gmail.com,,1111111111,,1
E I DUPONT INDIA PVT LTD,6,SR COMPOUND DEWAS NAKA,indore-PROMIT ROY,326,Indore,110,452001,PROMIT ROY,indore@gmail.com,,1111111111,,1
SANOFI AVENTIES PHARMA,6,SR COMPOUND DEWAS NAKA,indore-PROMIT ROY,326,Indore,110,452001,PROMIT ROY,indore@gmail.com,,1111111111,,1
Tata Global Beverages Limited,6,AB ROAD MANGLIYA DEWAS ROAD,indore-PROMIT ROY,326,Indore,110,452001,PROMIT ROY,indore@gmail.com,,1111111111,,1
GABRIEL INDIA LIMITED,6,INDUSTRIAL AREA 2 DEWAS,indore-PROMIT ROY,326,Indore,110,452001,PROMIT ROY,indore@gmail.com,,1111111111,,1
"BHARAT PETROLEUM CORPORATION,LTD., MANGLIA INSTALLATION",6,MANGLIYA DEAWS NAKA,indore-PROMIT ROY,326,Indore,110,452001,PROMIT ROY,indore@gmail.com,,1111111111,,1
H&R JOHNSON (INDIA) LIMITED-Plant,6,INDUSTRIAL AREA 2 DEWAS,indore-PROMIT ROY,326,Indore,110,452001,PROMIT ROY,indore@gmail.com,,1111111111,,1
GAJARA GEARS LIMITED,6,STATION ROAD DEWAS,indore-PROMIT ROY,326,Indore,110,452001,PROMIT ROY,indore@gmail.com,,1111111111,,1
SUN PHARMACEUTICALS INDU,6,INDUSTRIAL AREA 2 DEWAS,indore-PROMIT ROY,326,Indore,110,452001,PROMIT ROY,indore@gmail.com,,1111111111,,1
S KUMARS GROUP,6,INDUSTRIAL AREA 2 DEWAS,indore-PROMIT ROY,326,Indore,110,452001,PROMIT ROY,indore@gmail.com,,1111111111,,1
KIRLOSKAR BROTHERS LIMITE,6,STATION ROAD DEWAS,indore-PROMIT ROY,326,Indore,110,452001,PROMIT ROY,indore@gmail.com,,1111111111,,1
ARISTO PHARMACEUTICALS,6,"23 Annexe, S D A Compound, Dewas Naka, Lasudia Mori, Indore, Madhya Pradesh ",indore-PROMIT ROY,326,Indore,110,453771,PROMIT ROY,indore@gmail.com,,1111111111,,1
PHARMA TRADERS,6,"8/2 Lasudia Mori, AB Rd, Indore,",indore-PROMIT ROY,326,Indore,110,452001,PROMIT ROY,indore@gmail.com,,1111111111,,1
HINDUSTAN PETROLIUM CO LTD LPG,6,"YN ROAD, KAPAS BHAVAN, INDORE",indore-PROMIT ROY,326,Indore,110,452001,PROMIT ROY,indore@gmail.com,,1111111111,,1
MARICO INDUSTRIES LTD,6,"37-38, AB ROAD Indore",indore-PROMIT ROY,326,Indore,110,452001,PROMIT ROY,indore@gmail.com,,1111111111,,1
GATI KWE RVICES,6," A B Road, Dewas Naka",indore-PROMIT ROY,326,Indore,110,452001,PROMIT ROY,indore@gmail.com,,1111111111,,1
WALLACE PHARMACEUTICALS,6,"LASUDI MORI, DEWAS NAKA",indore-PROMIT ROY,326,Indore,110,452001,PROMIT ROY,indore@gmail.com,,1111111111,,1
"RECKITT BANCKISER INDIA LTD,",6,"CARRY FAST AGENCIES, PATWARI HALKA NO 26 NEW 72, SURVEY NO 68, 69-1 KHA, 69-2, 70, 94, 95, 96-1,SANWER",indore-PROMIT ROY,326,Indore,110,452001,PROMIT ROY,indore@gmail.com,,1111111111,,1
"CHEMTURA CHEMICALS INDIA P LTD,",6,DEWAS NAKA,indore-PROMIT ROY,326,Indore,110,452001,PROMIT ROY,indore@gmail.com,,1111111111,,1
STI SANOH INDIA LIMITED,6,"Steel Tube Road,DEWAS",indore-PROMIT ROY,326,Indore,110,452001,PROMIT ROY,indore@gmail.com,,1111111111,,1
SWAL CORPORATION LTD,6,"CARRY FAST AGENCIES, MANGALIYA ",indore-PROMIT ROY,326,Indore,110,452001,PROMIT ROY,indore@gmail.com,,1111111111,,1
"SAMARPAN ENGINEERING & MARKETI,",6,"YN ROAD,CITY CENTRE",indore-PROMIT ROY,326,Indore,110,452001,PROMIT ROY,indore@gmail.com,,1111111111,,1
MP CHEMIST & DRUGGIST ASS,6,SR COMPOUND DEWAS NAKA,indore-PROMIT ROY,326,Indore,110,452001,PROMIT ROY,indore@gmail.com,,1111111111,,1
"Jaipuria Institute of Mgt,",6,AB ROAD NEAR ARJUN BADODI,indore-PROMIT ROY,326,Indore,110,452001,PROMIT ROY,indore@gmail.com,,1111111111,,1
BHANDARI FOILS AND TUBES L,6,"Plot No D1-D4 Industrial Area Phase 1, AB Rd, Dewas, Madhya Pradesh ",indore-PROMIT ROY,326,Indore,110,455001,PROMIT ROY,indore@gmail.com,,1111111111,,1
INDCHEMIE HEALTH SPECIALI,6,SR COMPOUND DEWAS NAKA,indore-PROMIT ROY,326,Indore,110,452001,PROMIT ROY,indore@gmail.com,,1111111111,,1
FMC INDIA LTD,6,"196-197/1 Sr Compound Lasudia Mori Dewas Naka,",indore-PROMIT ROY,326,Indore,110,452001,PROMIT ROY,indore@gmail.com,,1111111111,,1
"SUMITOMO CORP.,",6,"SDA COMPOUND, DEWAS NAKA",indore-PROMIT ROY,326,Indore,110,452001,PROMIT ROY,indore@gmail.com,,1111111111,,1
MAHYCO SEEDS,6,"SDA COMPOUND, DEWAS NAKA",indore-PROMIT ROY,326,Indore,110,452001,PROMIT ROY,indore@gmail.com,,1111111111,,1
DELHI PUBLIC SCHOOL,6,INDORE- DEWAS BYPASS,indore-PROMIT ROY,326,Indore,110,452001,PROMIT ROY,indore@gmail.com,,1111111111,,1
"TATA PRECISION LTD.,",6,INDUSTRIAL AREA 2 DEWAS,indore-PROMIT ROY,326,Indore,110,452001,PROMIT ROY,indore@gmail.com,,1111111111,,1
EVEREADY INDUSTRIES INDIA,6,"49 SR Compound, 2-10 Indore, Prades, TT Nagar, Lasudia Mori, Indore, Madhya Pradesh ",indore-PROMIT ROY,326,Indore,110,452001,PROMIT ROY,indore@gmail.com,,1111111111,,1
NAVIN FLUORINE INTERNATIONAL,6,INDUSTRIAL AREA 2 DEWAS,indore-PROMIT ROY,326,Indore,110,452001,PROMIT ROY,indore@gmail.com,,1111111111,,1
BHARAT PETROLIUM CO LTD LPG,6,"AB ROAD, MANGALIYA",indore-PROMIT ROY,326,Indore,110,452001,PROMIT ROY,indore@gmail.com,,1111111111,,1
"MAPRA LABORATORIES LIMIT,ED",6,"SDA COMPOUND, DEWAS NAKA",indore-PROMIT ROY,326,Indore,110,452001,PROMIT ROY,indore@gmail.com,,1111111111,,1
BHARAT PETROLEUM CORPORATION,6,"AB ROAD, MANGALIYA",indore-PROMIT ROY,326,Indore,110,452001,PROMIT ROY,indore@gmail.com,,1111111111,,1
HINDUSTAN PETROLEUM CORP,6,"AB ROAD, MANGALIYA",indore-PROMIT ROY,326,Indore,110,452001,PROMIT ROY,indore@gmail.com,,1111111111,,1
SIGNET INDUSTRIES LTD,6,"Survey No. 314/3, SDA Compound, near Essar Petrol Pump, Dewas Naka, Lasudia Mori, Indore",indore-PROMIT ROY,326,Indore,110,452001,PROMIT ROY,indore@gmail.com,,1111111111,,1
CRYSTAL CROP PROTECTION PVT L,6,"112, SR Compound, Lasudia Mori Dewas Naka,",indore-PROMIT ROY,326,Indore,110,452001,PROMIT ROY,indore@gmail.com,,1111111111,,1
"ZEAL TRADE LINKS PVT LTD,",6,"196-197/1 Sr Compound Lasudia Mori Dewas Naka,",indore-PROMIT ROY,326,Indore,110,452001,PROMIT ROY,indore@gmail.com,,1111111111,,1
MURATEC MACHINERY INDIA PVT L,6,Delhi,indore-PROMIT ROY,326,Indore,110,452001,PROMIT ROY,indore@gmail.com,,1111111111,,1
CHROMEWELL ENGINEERING LTD,6,"Amarpura, Road, Khatamba, Madhya Pradesh",indore-PROMIT ROY,326,Indore,110,452001,PROMIT ROY,indore@gmail.com,,1111111111,,1
"SUDHIR  GROUP,",6,"9 SDA Compound, Lasudia Mori Dewas Naka",indore-PROMIT ROY,326,Indore,110,452001,PROMIT ROY,indore@gmail.com,,1111111111,,1
UPL Limited,6,"CARRY FAST AGENCIES, MANGALIYA ",indore-PROMIT ROY,326,Indore,110,452001,PROMIT ROY,indore@gmail.com,,1111111111,,1
SUN PHARMACEUTICALS INDUSTRIE,6,INDUSTRIAL AREA 2 DEWAS,indore-PROMIT ROY,326,Indore,110,452001,PROMIT ROY,indore@gmail.com,,1111111111,,1
LIFE CARE INTERNATIONAL,6,"S K Compound, 45, Ring Road, Lasudia Mori, Lasudia Mori, Indore",indore-PROMIT ROY,326,Indore,110,452001,PROMIT ROY,indore@gmail.com,,1111111111,,1
MAGADH PRECISION EQUIPMENT,6,INDUSTRIAL AREA 2 DEWAS,indore-PROMIT ROY,326,Indore,110,452001,PROMIT ROY,indore@gmail.com,,1111111111,,1
AIRPORT AUTHORITY OF INDIA,6,INDORE AIRPORT,indore-PROMIT ROY,326,Indore,110,452001,PROMIT ROY,indore@gmail.com,,1111111111,,1
ASTRAZENECA PHARMA INDIA LTD.,6,SR COMPOUND DEWAS NAKA,indore-PROMIT ROY,326,Indore,110,452001,PROMIT ROY,indore@gmail.com,,1111111111,,1
BAERLOCHER INDIA ADDITIVES,6,INDUSTRIAL AREA 2 DEWAS,indore-PROMIT ROY,326,Indore,110,452001,PROMIT ROY,indore@gmail.com,,1111111111,,1
SANOFI SYNTHELABO,6,SR COMPOUND DEWAS NAKA,indore-PROMIT ROY,326,Indore,110,452001,PROMIT ROY,indore@gmail.com,,1111111111,,1
"Gajra Differential Gears Ltd,",6,INDUSTRIAL AREA 1 DEWAS,indore-PROMIT ROY,326,Indore,110,452001,PROMIT ROY,indore@gmail.com,,1111111111,,1
Bpcl Retail Division,6,"AB ROAD, MANGALIYA",indore-PROMIT ROY,326,Indore,110,452001,PROMIT ROY,indore@gmail.com,,1111111111,,1
Bpcl-Manglia Depot.,6,"AB ROAD, MANGALIYA",indore-PROMIT ROY,326,Indore,110,452001,PROMIT ROY,indore@gmail.com,,1111111111,,1
DECATHLON SPORTS INDIA,6,INDORE - DEWAS BYPASS,indore-PROMIT ROY,326,Indore,110,452001,PROMIT ROY,indore@gmail.com,,1111111111,,1
GATI KINTETSU EXPRESS PVT LTD,6," A B Road, Dewas Naka",indore-PROMIT ROY,326,Indore,110,452001,PROMIT ROY,indore@gmail.com,,1111111111,,1
SPMCIL (BANK NOTE PRESS),6,"BNP Rd, Central Industrial Security Force, Dewas",indore-PROMIT ROY,326,Indore,110,452001,PROMIT ROY,indore@gmail.com,,1111111111,,1
INDIGO PAINTS PVT. LTD.,6,"49 SR Compound, 273, Kailod Hala S.D.A, Sda Compound, Lasudia Mori, Indore, Madhya Pradesh ",indore-PROMIT ROY,326,Indore,110,45377,PROMIT ROY,indore@gmail.com,,1111111111,,1
SANOFI INDIA LIMITED,6,SR COMPOUND DEWAS NAKA,indore-PROMIT ROY,326,Indore,110,452001,PROMIT ROY,indore@gmail.com,,1111111111,,1
GOODRICKE GROUP LTD.,6," Goodricke Group Ltd, M/S. Ganga Warehouse Rajoda Square, Bypass Road, Rajoda, Dewas",indore-PROMIT ROY,326,Indore,110,452001,PROMIT ROY,indore@gmail.com,,1111111111,,1
SANOFI PASTEUR INDIA PRIVATE ,6,SR COMPOUND DEWAS NAKA,indore-PROMIT ROY,326,Indore,110,452001,PROMIT ROY,indore@gmail.com,,1111111111,,1
"AGRI SEARCH INDIA PVT LTD,",6,NASHIK,indore-PROMIT ROY,326,Indore,110,452001,PROMIT ROY,indore@gmail.com,,1111111111,,1
GOODYEAR INDIA LIMITED,6,DEWAS NAKA,indore-PROMIT ROY,326,Indore,110,452001,PROMIT ROY,indore@gmail.com,,1111111111,,1
H&R JOHNSON,6,"INDUSTRIAL AREA 2 DEWAS, ",indore-PROMIT ROY,326,Indore,110,452001,PROMIT ROY,indore@gmail.com,,1111111111,,1
HI LIFE TOURS AND TRAVEL PRIV,6,DELHI,indore-PROMIT ROY,326,Delhi,110,,PROMIT ROY,indore@gmail.com,,1111111111,,1
MG MOTOR INDIA PRIVATE LIMITE,6,"Address: E23, Bhagat Singh Complex Agarwal Market, Dewas Naka, Indore, Madhya Pradesh ",indore-PROMIT ROY,326,Indore,110,452010,PROMIT ROY,indore@gmail.com,,1111111111,,1
BHARAT PETROLEUM CORPORATION ,6,AB ROAD MANGLIYA DEWAS ROAD,indore-PROMIT ROY,326,Indore,110,452001,PROMIT ROY,indore@gmail.com,,1111111111,,1
EMPLOYEES STATE INSURANCE COR,6,"CLERK COLONY, INDORE",indore-PROMIT ROY,326,Indore,110,452001,PROMIT ROY,indore@gmail.com,,1111111111,,1
LINAMAR INDIA PVT LTD,6,INDUSTRIAL AREA 2 DEWAS ,indore-PROMIT ROY,326,Indore,110,452001,PROMIT ROY,indore@gmail.com,,1111111111,,1
